Fortran,Python,Julia,Octave,R
0.010150671005249,0.4744477272033691,4.665593147277832,0.4774131774902344,0.7664928436279297
0.0095136165618896,0.4721753597259521,4.910643100738525,0.5195550918579102,0.750725507736206
0.0099616050720214,0.4904656410217285,4.429725170135498,0.5784883499145508,0.7532029151916504
0.0098304748535156,0.4681465625762939,4.108585834503174,0.545079231262207,0.757267951965332
0.0091519355773925,0.4526758193969726,4.680027008056641,0.5268621444702148,0.7761497497558594
0.0094680786132812,0.4540207386016845,4.321230173110962,0.5264081954956055,0.7508304119110107
0.0097405910491943,0.446284532546997,3.804376602172852,0.526752233505249,0.7739729881286621
0.009596824645996,0.4535636901855469,3.7998974323272714,0.4902231693267822,0.7356586456298828
0.0097327232360839,0.4394326210021972,4.3737781047821045,0.4960300922393799,0.7567050457000732
0.0096442699432373,0.4422023296356201,4.113223314285278,0.5539534091949463,0.761185884475708
0.0102622509002685,0.4462330341339111,4.343573331832886,0.470893383026123,0.7624900341033936
0.0102541446685791,0.440122127532959,4.21055006980896,0.4626498222351074,0.7651412487030029
0.0102534294128417,0.4331929683685303,4.268521308898926,0.4857592582702636,0.7666370868682861
0.0095856189727783,0.4323837757110595,3.9743850231170654,0.4808456897735595,0.7539196014404297
0.0093345642089843,0.427962064743042,4.267728567123413,0.4742927551269531,0.7525510787963867
0.0094406604766845,0.4478991031646728,4.244416952133179,0.5151665210723877,0.7806828022003174
0.0096902847290039,0.4468016624450683,4.212197780609131,0.4986517429351806,0.7593629360198975
0.0096564292907714,0.4323203563690185,4.279504776000977,0.5443637371063232,0.7554535865783691
0.0097951889038085,0.4254419803619385,4.242107152938843,0.5058395862579346,0.7492325305938721
0.0096344947814941,0.4188754558563232,4.139413833618164,0.4731245040893554,0.9978320598602296
0.0096511840820312,0.413611888885498,3.566044330596924,0.5440700054168701,0.8185653686523438
0.010136604309082,0.4189126491546631,3.747822761535645,0.518104076385498,0.8204793930053711
0.009934663772583,0.4353334903717041,3.6396119594573975,0.4992585182189941,0.8157393932342529
0.009772777557373,0.4262871742248535,3.97446870803833,0.4944369792938232,0.7852365970611572
0.0094408988952636,0.4308700561523437,3.590111017227173,0.4865570068359375,0.813485860824585
0.009134292602539,0.414670467376709,3.368701219558716,0.6319582462310791,0.8036460876464844
0.0094287395477294,0.4138643741607666,3.5872020721435547,0.5456833839416504,0.7939691543579102
0.0093495845794677,0.4336776733398437,4.170042991638184,0.547435998916626,0.8276839256286621
0.0091333389282226,0.4101264476776123,4.204235553741455,0.5512521266937256,0.8381636142730713
0.0093443393707275,0.4284291267395019,4.397394180297852,0.5103325843811035,0.7821187973022461
0.0092246532440185,0.4278864860534668,4.3742640018463135,0.4898374080657959,1.0664794445037842
0.0104322433471679,0.4274258613586426,4.657859802246094,0.5031476020812988,1.0934817790985107
0.0118930339813232,0.4231202602386474,4.917150020599365,0.5410914421081543,0.8814120292663574
0.0118243694305419,0.4146654605865478,3.6983628273010254,0.5560522079467773,0.8593525886535645
0.011209487915039,0.4108409881591797,3.499396800994873,0.5297098159790039,0.8319554328918457
0.0109570026397705,0.4573080539703369,3.4800832271575928,0.5771548748016357,0.7774903774261475
0.0101823806762695,0.426189661026001,3.829786539077759,0.5267233848571777,1.0814244747161863
0.0094716548919677,0.4161984920501709,4.095491886138916,0.5410017967224121,1.1462435722351074
0.0091557502746582,0.4354946613311767,4.168033123016357,0.479374885559082,0.8562142848968506
0.00931978225708,0.404822826385498,4.67272424697876,0.5133993625640869,0.9020342826843262
0.0093946456909179,0.4134225845336914,4.156131982803345,0.5258145332336426,0.8880774974822998
0.0091269016265869,0.4233951568603515,4.602454900741577,0.4703607559204101,0.8834617137908936
0.0101270675659179,0.433150053024292,4.364060401916504,0.489356517791748,0.8213338851928711
0.0108015537261962,0.4281346797943115,3.986368417739868,0.546180009841919,0.7917873859405518
0.0099904537200927,0.4213974475860595,4.152357339859009,0.5673985481262207,0.9451632499694824
0.0094861984252929,0.4210226535797119,4.307707071304321,0.51920485496521,1.1222631931304932
0.0093400478363037,0.4110941886901855,4.157169342041016,0.531428337097168,1.046605110168457
0.0094497203826904,0.4096202850341797,4.833977699279785,0.6064796447753906,1.0156972408294678
0.0093052387237548,0.4297571182250976,4.741724967956543,0.5395429134368896,1.0660457611083984
0.0095107555389404,0.4261331558227539,4.424086570739746,0.509082555770874,0.9667165279388428
0.009312629699707,0.4288969039916992,4.512489795684815,0.5317399501800537,1.0683693885803225
0.0094900131225585,0.4274940490722656,4.398433208465576,0.6082005500793457,1.0576767921447754
0.0099880695343017,0.4174690246582031,4.448473930358887,0.4695351123809814,0.941802740097046
0.0093946456909179,0.4152743816375732,5.157331228256226,0.4670352935791015,1.0591986179351809
0.0096380710601806,0.4115679264068603,5.0164055824279785,0.4922084808349609,1.0643112659454346
0.011038064956665,0.4478893280029297,4.519926309585571,0.4903979301452636,0.9883887767791748
0.0102267265319824,0.4470298290252685,3.8836989402771,0.495380163192749,1.081725835800171
0.0093107223510742,0.4472970962524414,3.6624197959899902,0.4999783039093017,1.0387446880340576
0.009782075881958,0.4289624691009521,3.935667037963867,0.489520788192749,1.0088152885437012
0.0091683864593505,0.4286715984344482,4.455836772918701,0.468609094619751,1.0251917839050293
0.0092153549194335,0.4302461147308349,4.091395139694214,0.4864659309387207,0.9672060012817384
0.0091559886932373,0.4159994125366211,4.081821203231812,0.4872448444366455,0.956801414489746
0.0092318058013916,0.4483940601348877,4.194049119949341,0.5303554534912109,1.0234582424163818
0.0092303752899169,0.4291300773620605,3.974191904067993,0.5096616744995117,1.128120183944702
0.0093400478363037,0.4268612861633301,4.320676803588867,0.5408332347869873,1.1382067203521729
0.0091702938079833,0.4380393028259277,4.108899831771851,0.4982202053070068,1.0027551651000977
0.0101511478424072,0.4156553745269775,3.902198076248169,0.5170409679412842,1.038722038269043
0.0101377964019775,0.4095969200134277,4.153775691986084,0.4814317226409912,1.056281805038452
0.0101220607757568,0.414574384689331,4.502037048339844,0.4675288200378418,1.2805325984954834
0.0093772411346435,0.4499495029449463,4.198302268981934,0.4363105297088623,0.945608615875244
0.0093889236450195,0.4471116065979004,4.628628492355347,0.450667142868042,0.9318253993988036
0.0092983245849609,0.4826905727386474,4.549883127212524,0.483518123626709,0.9908549785614014
0.0093944072723388,0.44842529296875,5.166881799697876,0.4646649360656738,0.986236572265625
0.0094237327575683,0.4480373859405517,5.127883672714233,0.467620849609375,1.0475184917449951
0.0094497203826904,0.4762947559356689,4.457821130752564,0.4521298408508301,1.0223572254180908
0.0094146728515625,0.5454258918762207,3.654960155487061,0.428898811340332,1.000591278076172
0.0093481540679931,0.4980692863464355,4.09095311164856,0.4315454959869385,1.041043996810913
0.0096969604492187,0.4302561283111572,4.306792259216309,0.4041266441345215,1.0582294464111328
0.0126745700836181,0.5025157928466797,3.861018657684326,0.4181838035583496,1.005840301513672
0.011446475982666,0.5317080020904541,3.6259474754333496,0.4064078330993652,1.0646657943725586
0.01137375831604,0.4750494956970215,3.9806394577026367,0.388310432434082,0.9974541664123536
0.0110607147216796,0.5249378681182861,4.010514736175537,0.3996047973632812,0.9624075889587402
0.0108332633972167,0.5185017585754395,4.27002477645874,0.3983688354492187,1.0406463146209717
0.0105531215667724,0.4563944339752197,4.044468402862549,0.3903734683990478,1.0649845600128174
0.0101280212402343,0.4622566699981689,4.667434215545654,0.4941096305847168,1.0750887393951416
0.0094227790832519,0.5251123905181885,4.713339328765869,0.4037322998046875,0.9701526165008544
0.0091302394866943,0.4984173774719238,4.435882091522217,0.390155553817749,0.9586036205291748
0.0092725753784179,0.4696557521820068,4.2090208530426025,0.3990199565887451,0.9560141563415528
0.00974702835083,0.494560956954956,4.3650548458099365,0.3975746631622314,0.947974681854248
0.0115988254547119,0.53316330909729,4.567667245864868,0.3859138488769531,0.9357643127441406
0.0114848613739013,0.4797515869140625,4.680533647537232,0.3911104202270508,0.967815637588501
0.0106687545776367,0.4897804260253906,4.407035112380981,0.3944253921508789,0.9784972667694092
0.0106244087219238,0.4339802265167236,3.925493240356445,0.3912417888641357,0.9348204135894777
0.009702444076538,0.4308574199676513,3.527514934539795,0.3931128978729248,0.9393112659454346
0.0098061561584472,0.4697625637054443,3.544283866882324,0.3890285491943359,0.9327347278594972
0.0092053413391113,0.4785892963409424,3.93597674369812,0.3795492649078369,0.9343760013580322
0.00938081741333,0.4453263282775879,4.786348581314087,0.3911056518554687,0.9430315494537354
0.0096879005432128,0.4319930076599121,4.150327920913696,0.3967568874359131,0.9530415534973145
0.0092480182647705,0.4261903762817383,4.377922773361206,0.3824834823608398,0.9569029808044434
0.0123341083526611,0.4217288494110107,4.141092538833618,0.3914430141448974,0.9386641979217528
0.0112214088439941,0.4378728866577148,4.346274375915527,0.3912990093231201,0.9797186851501464
0.0107848644256591,0.4468035697937011,4.1964545249938965,0.3909261226654053,1.0825369358062744
0.0108561515808105,0.4473576545715332,4.026266098022461,0.4092352390289306,0.985177755355835
0.0104365348815917,0.4334735870361328,4.674886465072632,0.4307582378387451,1.0132076740264893
0.0098402500152587,0.4505336284637451,4.78101658821106,0.40657639503479,0.9421241283416748
0.0092170238494873,0.4396779537200928,4.258413791656494,0.4116342067718506,0.9336731433868408
0.0091829299926757,0.4542603492736816,4.53742265701294,0.4089043140411377,1.105536699295044
0.0095503330230712,0.4264984130859375,4.144462585449219,0.3936100006103515,1.0483787059783936
0.0092964172363281,0.4460370540618896,5.557291269302368,0.4104304313659668,1.0320520401000977
0.00921630859375,0.4542896747589111,4.222586393356323,0.3992393016815185,0.949845552444458
0.0120420455932617,0.4503693580627441,3.853832721710205,0.3868782520294189,1.0259883403778076
0.0112524032592773,0.4941301345825195,4.104273796081543,0.397362470626831,0.9814627170562744
0.0105946063995361,0.476698637008667,4.432088613510132,0.4024710655212402,0.9473156929016112
0.0105268955230712,0.4377815723419189,3.8842320442199703,0.3820664882659912,0.9314239025115968
0.010707139968872,0.5428268909454346,3.889638900756836,0.3920667171478271,0.942702293395996
0.0096094608306884,0.4335196018218994,3.919057846069336,0.3943476676940918,0.9330384731292723
0.0092649459838867,0.4504013061523437,4.301434516906738,0.379002571105957,0.9287703037261964
0.0091452598571777,0.430596113204956,3.967397928237915,0.4490609169006347,0.926886796951294
0.0094029903411865,0.433206558227539,4.049903631210327,0.4220850467681885,0.9253277778625488
0.0094704627990722,0.4193239212036133,4.2964842319488525,0.4479577541351318,0.9197046756744384
0.0091555118560791,0.4161946773529053,3.928233623504639,0.4657487869262695,0.9840900897979736
0.0098330974578857,0.4290752410888672,4.323973894119263,0.4879636764526367,0.8208551406860352
0.0114259719848632,0.4335412979125976,4.535901069641113,0.5144379138946533,0.8122611045837402
0.0111591815948486,0.441185712814331,4.130793333053589,0.5345771312713623,0.8193519115447998
0.0106396675109863,0.4256148338317871,4.316777229309082,0.4905660152435303,0.7798886299133301
0.010801076889038,0.4227101802825928,4.122450113296509,0.4610674381256103,0.8057680130004883
0.0104100704193115,0.4140594005584717,4.490109205245972,0.4947717189788818,0.8325114250183105
0.0105924606323242,0.4068670272827148,4.425125598907471,0.4897572994232178,0.7871885299682617
0.0107014179229736,0.4043445587158203,4.134300708770752,0.5523364543914795,0.7853193283081055
0.0104355812072753,0.4234716892242431,4.248241186141968,0.5363445281982422,0.7756285667419434
0.0107080936431884,0.4310603141784668,4.172079086303711,0.5407118797302246,0.7605373859405518
0.0118768215179443,0.4246711730957031,4.453547716140747,0.5469348430633545,0.7651450634002686
0.0117158889770507,0.4156055450439453,4.4410240650177,0.5452649593353271,0.7639920711517334
0.0109195709228515,0.4145894050598144,4.504807710647583,0.5087237358093262,0.7851090431213379
0.0105698108673095,0.4082202911376953,4.575592756271362,0.4710354804992676,0.7683467864990234
0.0108706951141357,0.4361424446105957,4.54537296295166,0.4734129905700683,0.7629396915435791
0.0114469528198242,0.4157626628875732,4.447582244873047,0.5456910133361816,0.7547686100006104
0.0112583637237548,0.4261374473571777,4.245923042297363,0.5168993473052979,0.7883491516113281
0.0111069679260253,0.4189577102661133,4.280354022979736,0.5211067199707031,0.7530577182769775
0.0106384754180908,0.4325618743896484,4.162822008132935,0.4719045162200928,0.7737646102905273
0.0108692646026611,0.4440064430236816,3.985980033874512,0.4700772762298584,0.7658469676971436
0.0122420787811279,0.4201483726501465,4.230381727218628,0.6641490459442139,0.7863361835479736
0.0117852687835693,0.445652961730957,3.839908123016357,0.523622989654541,0.7612860202789307
0.0109424591064453,0.4302852153778076,4.070535182952881,0.5177068710327148,0.7563526630401611
0.0111777782440185,0.4289538860321045,4.463054895401001,0.4718997478485107,0.7497203350067139
0.0104908943176269,0.4290053844451904,4.069639682769775,0.4613325595855713,0.7596852779388428
0.0103797912597656,0.4402401447296142,4.255534410476685,0.4466586112976074,0.7497773170471191
0.0106863975524902,0.4433777332305908,4.366808652877808,0.4352478981018066,0.7663581371307373
0.0107405185699462,0.4776721000671386,4.130866527557373,0.4711370468139648,0.7597367763519287
0.0108270645141601,0.4985237121582031,3.707841157913208,0.4933555126190185,0.809229850769043
0.0105571746826171,0.4478902816772461,3.682437658309937,0.4720547199249267,0.7689399719238281
0.0112488269805908,0.43768310546875,4.226906538009644,0.4968652725219726,0.7569146156311035
0.0136330127716064,0.459571361541748,4.309205293655396,0.4721040725708008,0.754925012588501
0.0110352039337158,0.5000779628753662,4.412891626358032,0.4739491939544678,0.7577688694000244
0.0107185840606689,0.5073301792144775,4.628094911575317,0.486924409866333,0.7793326377868652
0.0106010437011718,0.4614372253417969,3.98840856552124,0.5140788555145264,0.777991771697998
0.0105388164520263,0.4408330917358398,3.9207959175109854,0.5015485286712646,0.7876608371734619
0.0104537010192871,0.4607105255126953,4.361666679382324,0.4693472385406494,0.9027988910675048
0.01033616065979,0.4949619770050049,4.909042596817017,0.529470682144165,0.956451416015625
0.0105128288269042,0.5122628211975098,4.651198387145996,0.5383579730987549,0.9298093318939208
0.0112295150756835,0.542698860168457,4.57405948638916,0.5044786930084229,0.898242712020874
0.0124299526214599,0.5526607036590576,4.408376455307007,0.5446183681488037,0.9546146392822266
0.011568546295166,0.5322823524475098,4.546115875244141,0.4834680557250976,0.8782718181610107
0.0113131999969482,0.5332391262054443,4.387827157974243,0.5045435428619385,0.9072513580322266
0.0108437538146972,0.5249576568603516,4.823440313339233,0.5215058326721191,0.8567953109741211
0.0104095935821533,0.527848482131958,4.22255802154541,0.4754879474639892,0.8795664310455322
0.0103852748870849,0.4517340660095215,3.802142858505249,0.6090376377105713,0.8684206008911133
0.0106990337371826,0.4490187168121338,4.363779306411743,0.4759819507598877,0.8557007312774658
0.0105938911437988,0.4513492584228515,5.34324312210083,0.4895124435424804,0.8346922397613525
0.0112931728363037,0.48433518409729,3.9931373596191406,0.5197739601135254,0.8399820327758789
0.0105178356170654,0.442918062210083,4.158599138259888,0.5331599712371826,0.8519232273101807
0.0110838413238525,0.4285931587219238,3.859349250793457,0.4847404956817627,0.8484776020050049
0.0118732452392578,0.4335522651672363,3.4083898067474365,0.4899795055389404,0.8629665374755859
0.0112879276275634,0.4433662891387939,3.7858264446258554,0.5775368213653564,0.8763542175292969
0.0107626914978027,0.4529821872711181,4.240697860717773,0.4902262687683105,1.029256820678711
0.0109541416168212,0.4458522796630859,4.577035427093506,0.4662942886352539,1.137056827545166
0.0105888843536376,0.428814172744751,4.337657690048218,0.5663583278656006,1.0619118213653564
0.0104892253875732,0.4208920001983642,4.844427108764648,0.5701336860656738,1.058023452758789
0.0106251239776611,0.4329433441162109,4.506607532501221,0.546198844909668,0.952362060546875
0.0106244087219238,0.4267940521240234,4.863184690475464,0.6451187133789062,1.022663116455078
0.0104963779449462,0.4196689128875732,4.114105939865112,0.5395948886871338,0.9622385501861572
0.0104815959930419,0.4141664505004883,3.89640212059021,0.5029456615447998,0.9720544815063475
0.0113844871520996,0.4459109306335449,4.277167558670044,0.57879638671875,1.0065898895263672
0.0114235877990722,0.475008487701416,4.9112420082092285,0.5684361457824707,0.822622537612915
0.0109314918518066,0.4674615859985351,4.804428577423096,0.5627357959747314,0.8474807739257812
0.0110073089599609,0.4379777908325195,3.9856457710266113,0.5644948482513428,1.1091103553771973
0.0108993053436279,0.4381651878356933,4.228855133056641,0.5376310348510742,0.9216976165771484
0.0106019973754882,0.4433760643005371,4.172280550003052,0.530956506729126,0.9307577610015868
0.0107865333557128,0.4605154991149902,3.3571362495422363,0.4736707210540771,0.918565273284912
0.0106887817382812,0.4817707538604736,3.909952402114868,0.5157907009124756,1.202038049697876
0.0105154514312744,0.4874448776245117,4.224488019943237,0.5222306251525879,1.2515103816986084
0.01094651222229,0.4342162609100342,4.24635124206543,0.4959454536437988,1.2207999229431152
0.0118265151977539,0.4360134601593017,3.859604597091675,0.5481243133544922,1.2667686939239502
0.01161789894104,0.4412858486175537,3.9246935844421382,0.525904655456543,1.1386539936065674
0.0107324123382568,0.4725620746612549,3.872965097427368,0.5472671985626221,1.0701420307159424
0.0110511779785156,0.4739730358123779,4.14116096496582,0.4721920490264892,1.1075992584228516
0.0105376243591308,0.45233154296875,4.174739360809326,0.468790054321289,1.1644859313964844
0.0106027126312255,0.4896001815795898,4.424176692962647,0.466557502746582,1.2485229969024658
0.0108880996704101,0.4391622543334961,4.302785873413086,0.5345714092254639,1.183112382888794
0.0104355812072753,0.4451436996459961,3.970050573348999,0.585125207901001,1.077226161956787
0.0105984210968017,0.4475722312927246,4.326021432876587,0.5589067935943604,1.0839519500732422
0.0105254650115966,0.4635651111602783,3.970680952072144,0.5801453590393066,1.0639433860778809
0.011197805404663,0.5001206398010254,3.76717472076416,0.5426664352416992,1.1204900741577148
0.0118374824523925,0.466322660446167,4.456412553787232,0.5320663452148438,1.0706734657287598
0.0111646652221679,0.501070499420166,4.500442028045654,0.5349645614624023,1.131998062133789
0.0108594894409179,0.515352725982666,3.5690083503723145,0.5162661075592041,1.223249912261963
0.0107653141021728,0.4527430534362793,3.918083667755127,0.5474016666412354,1.2581942081451416
0.0108740329742431,0.4694502353668213,4.131054401397705,0.572028398513794,1.0572359561920166
0.0106384754180908,0.4967007637023926,4.350086450576782,0.4720590114593506,0.9741208553314208
0.0105648040771484,0.4831864833831787,4.038289308547974,0.5021405220031738,0.9843621253967284
0.0104424953460693,0.455500841140747,4.5288848876953125,0.4863648414611816,0.983783483505249
0.01080322265625,0.4564695358276367,4.642391681671143,0.4286153316497803,0.9188201427459716
0.011650800704956,0.4422054290771484,4.159120321273804,0.4565968513488769,1.151503562927246
0.0123074054718017,0.4862275123596191,4.303194046020508,0.4374599456787109,0.995086431503296
0.0113921165466308,0.4830751419067383,4.260758876800537,0.4287431240081787,0.9552838802337646
0.0105097293853759,0.493044376373291,4.380010604858398,0.4108834266662597,0.922006607055664
0.0106539726257324,0.4757204055786133,4.198759317398071,0.4274435043334961,0.8812518119812012
0.0103280544281005,0.4826993942260742,4.184223890304565,0.4051873683929443,0.8885455131530762
0.009253978729248,0.4527544975280761,4.3148353099823,0.3913333415985107,0.9987220764160156
0.0097146034240722,0.4812817573547363,4.167803764343262,0.4610414505004883,1.0254950523376465
0.009345531463623,0.510683536529541,4.567581653594971,0.5694332122802734,1.0090529918670654
0.0096266269683837,0.4590780735015869,4.461964130401611,0.4585855007171631,1.174931287765503
0.009899616241455,0.5057237148284912,4.524634599685669,0.4840884208679199,0.9087917804718018
0.0103158950805664,0.4872870445251465,3.39971137046814,0.4651174545288086,0.971388816833496
0.009641408920288,0.4360299110412597,3.1157262325286865,0.4893596172332763,1.076481819152832
0.0092747211456298,0.4209966659545898,3.084984540939331,0.4637110233306885,0.9740333557128906
0.0091819763183593,0.4278554916381836,3.1260931491851807,0.4818692207336426,1.0069799423217771
0.0095653533935546,0.4747037887573242,3.133999347686768,0.5158636569976807,1.0389888286590576
0.0094678401947021,0.4575209617614746,3.3368306159973145,0.4945595264434814,0.941636085510254
0.0095524787902832,0.4915380477905273,3.152055263519287,0.5018513202667236,0.9687795639038086
0.0094649791717529,0.4808738231658935,3.1342012882232666,0.4835512638092041,1.1396872997283936
0.0091490745544433,0.4656598567962646,3.1059725284576416,0.546191930770874,1.0768799781799316
0.0093817710876464,0.4649255275726318,3.231152296066284,0.5045971870422363,1.0509352684020996
0.0095069408416748,0.4569041728973388,3.090897560119629,0.4669582843780517,1.037144422531128
0.010451316833496,0.5107865333557129,3.0759289264678955,0.5265979766845703,0.9371964931488036
0.0103592872619628,0.5146057605743408,3.5354061126708984,0.5798161029815674,0.976764440536499
0.0093545913696289,0.4660942554473877,4.521009206771851,0.6046843528747559,1.0985755920410156
0.0095086097717285,0.5195448398590088,6.168363332748413,0.6464815139770508,1.1085577011108398
0.0091378688812255,0.4907255172729492,4.750773668289185,0.5629231929779053,1.073261260986328
0.00978684425354,0.4495470523834228,3.78863787651062,0.58290696144104,0.9786815643310548
0.0093240737915039,0.4473264217376709,4.3823442459106445,0.6824564933776855,1.013829231262207
0.0091376304626464,0.4612252712249756,4.043827533721924,0.6084859371185303,1.1615478992462158
0.0097062587738037,0.478309154510498,4.140672445297241,0.4605684280395508,0.9819285869598388
0.0093657970428466,0.4420857429504394,4.766201496124268,0.5887148380279541,1.0295305252075195
0.0091776847839355,0.4756214618682861,4.677546262741089,0.495833158493042,1.0165882110595703
0.0096361637115478,0.4724445343017578,3.984182357788086,0.447946548461914,1.025521755218506
0.0106587409973144,0.453202486038208,3.5789756774902344,0.4687058925628662,1.0643975734710691
0.0097801685333251,0.4707300662994385,3.804707527160645,0.5280568599700928,1.1631507873535156
0.0096268653869628,0.4561378955841064,3.4332594871521,0.5490760803222656,1.0805916786193848
0.0092017650604248,0.4533059597015381,3.592092752456665,0.4154679775238037,1.0491743087768557
0.0095670223236083,0.4546205997467041,3.873599767684937,0.488142728805542,0.96209979057312
0.0099053382873535,0.4701523780822754,3.801846027374268,0.3949720859527588,0.9405226707458496
0.0096106529235839,0.484537124633789,4.067265510559082,0.4037680625915527,1.040252685546875
0.0093996524810791,0.4277794361114502,4.453806161880493,0.3938746452331543,0.9553968906402588
0.0093319416046142,0.4364497661590576,4.496427536010742,0.3823354244232178,0.9407463073730468
0.0095179080963134,0.4381535053253174,4.332165002822876,0.3963813781738281,1.038665771484375
0.0099995136260986,0.4531400203704834,4.342863321304321,0.3951225280761719,0.9587233066558838
0.0102498531341552,0.4905571937561035,4.509156942367554,0.381986141204834,0.9454717636108398
0.0101187229156494,0.4691267013549804,4.608764171600342,0.4356336593627929,1.0136549472808838
0.009716510772705,0.4835100173950195,4.263309478759766,0.4366207122802734,0.9812450408935548
0.0094611644744873,0.4977619647979736,4.710964202880859,0.4104785919189453,0.955925226211548
0.0092692375183105,0.4710655212402344,4.251822233200073,0.3910732269287109,1.0394980907440186
0.0091450214385986,0.4625046253204345,4.22584867477417,0.3940837383270263,1.029428005218506
0.0093176364898681,0.4529263973236084,4.545400619506836,0.5034615993499756,0.9923672676086426
0.0096583366394042,0.4618737697601318,4.534816265106201,0.5536203384399414,1.054145097732544
0.0093615055084228,0.4572687149047851,4.357277870178223,0.4553945064544678,0.9754877090454102
0.009465217590332,0.4519827365875244,4.3705363273620605,0.5415074825286865,0.9396345615386964
0.0101327896118164,0.4620022773742676,4.814186096191406,0.5084357261657715,1.0496556758880615
0.0109319686889648,0.4778022766113281,4.142899513244629,0.4328796863555908,1.009303092956543
0.0096411705017089,0.4500939846038818,3.8493731021881104,0.4887382984161377,1.0010242462158203
0.0093965530395507,0.4492852687835693,4.7426230907440186,0.5425949096679688,1.0653042793273926
0.009554386138916,0.4534337520599365,4.037984848022461,0.5037112236022949,1.089816331863403
0.0094203948974609,0.4484720230102539,4.475019454956055,0.4581069946289062,1.0584039688110352
0.0094475746154785,0.4914164543151855,4.092009544372559,0.4928786754608154,1.069728136062622
0.00919771194458,0.4980545043945312,4.503476142883301,0.4820539951324463,1.0658700466156006
0.0094163417816162,0.5366065502166748,4.62688136100769,0.4607417583465576,1.0179319381713867
0.0094761848449707,0.4884281158447265,4.574632406234741,0.4671471118927002,1.04504132270813
0.009495735168457,0.4986450672149658,4.605648279190064,0.4991648197174072,0.9601051807403564
0.0095095634460449,0.4760560989379883,4.184528350830078,0.5257301330566406,0.9417333602905272
0.0103225708007812,0.4808242321014404,4.487727403640747,0.4333920478820801,1.027475118637085
0.0100419521331787,0.4599583148956299,4.474050045013428,0.4908089637756347,0.9989933967590332
0.0093746185302734,0.4550857543945312,4.672698020935059,0.479175329208374,0.9445490837097168
0.0092823505401611,0.4602694511413574,4.91378664970398,0.5105769634246826,0.9933421611785888
0.0094785690307617,0.4635744094848633,4.3494932651519775,0.5312206745147705,0.9616084098815918
0.0091338157653808,0.5055596828460693,4.692597150802612,0.5436172485351562,0.9438552856445312
0.0093395709991455,0.6149249076843262,4.303359508514404,0.5196735858917236,0.9935703277587892
0.009472370147705,0.4969193935394287,4.4355082511901855,0.5402522087097168,0.9392950534820556
0.0091588497161865,0.5026063919067383,4.559315204620361,0.5440285205841064,0.93906831741333
0.0096418857574462,0.4995813369750976,4.712139368057251,0.4187600612640381,0.95573091506958
0.0091514587402343,0.5127434730529785,4.338172435760498,0.4851360321044922,1.0949928760528564
0.0100185871124267,0.5214183330535889,4.943404674530029,0.4873785972595215,0.977024793624878
0.0107729434967041,0.496241807937622,4.527616739273071,0.5035624504089355,1.0306408405303955
0.0099093914031982,0.4952788352966308,4.5181193351745605,0.5016295909881592,1.0254900455474854
0.009700059890747,0.5067238807678223,4.116727828979492,0.5024857521057129,0.9856958389282228
0.0093879699707031,0.4782259464263916,4.5777997970581055,0.5300784111022949,1.085789918899536
0.0093533992767333,0.4810142517089844,4.419213533401489,0.5254263877868652,1.0936331748962402
0.0092244148254394,0.5165257453918457,3.944880723953247,0.584007740020752,0.9470105171203612
0.0092661380767822,0.4762444496154785,4.005144357681274,0.5002756118774414,0.9499197006225586
0.0092527866363525,0.4595112800598144,4.381628751754761,0.5689694881439209,0.9634263515472412
0.0094082355499267,0.4569253921508789,4.648773670196533,0.5630612373352051,0.9598360061645508
0.0094432830810546,0.4544425010681152,4.505365371704102,0.5551245212554932,0.9912223815917968
0.0098888874053955,0.4635877609252929,4.277835369110107,0.5702941417694092,1.0310962200164795
0.0096464157104492,0.4616322517395019,4.246288776397705,0.5546629428863525,0.9936113357543944
0.0101642608642578,0.4540703296661377,4.085282325744629,0.5589816570281982,1.0230348110198977
0.0098483562469482,0.4780352115631103,4.384873390197754,0.5530920028686523,1.0599794387817385
0.0093026161193847,0.4915387630462646,4.159776210784912,0.5314500331878662,1.0455806255340576
0.0098283290863037,0.4807651042938232,4.697194337844849,0.5397086143493652,0.9593524932861328
0.0095963478088378,0.496074914932251,4.15764045715332,0.5348904132843018,1.0178680419921875
0.0091681480407714,0.5121986865997314,4.198269844055176,0.5050384998321533,1.0327446460723877
0.0092108249664306,0.498422622680664,4.163264036178589,0.5120992660522461,0.9559705257415771
0.0092425346374511,0.4957749843597412,4.079043626785278,0.618027925491333,0.973623514175415
0.0093913078308105,0.4931926727294922,4.213884353637695,0.5499711036682129,1.107935667037964
0.0094931125640869,0.4955477714538574,4.311849594116211,0.529541015625,0.9429786205291748
0.0101144313812255,0.5023972988128662,4.319017171859741,0.5289833545684814,0.929546356201172
0.0101490020751953,0.499657392501831,4.044938087463379,0.4724211692810058,0.9613447189331056
0.0093696117401123,0.5077123641967773,4.221794366836548,0.5555911064147949,0.9478702545166016
0.0095753669738769,0.4911801815032959,4.023659467697144,0.5699293613433838,0.9464066028594972
0.0094845294952392,0.4615421295166015,3.801595449447632,0.5397005081176758,1.035470485687256
0.0094203948974609,0.5020415782928467,4.324434518814087,0.5562260150909424,0.9882917404174804
0.0094063282012939,0.4988846778869629,4.329489469528198,0.6938104629516602,0.9360735416412354
0.0092036724090576,0.4972250461578369,4.479091167449951,0.5226850509643555,0.9941270351409912
0.0095863342285156,0.4640543460845947,4.503619432449341,0.4668765068054199,0.964716911315918
0.0091528892517089,0.468536376953125,4.486398458480835,0.5012674331665039,1.0594532489776611
0.0111079216003417,0.4733998775482178,4.102679252624512,0.5008485317230225,1.003511667251587
0.0102367401123046,0.4607052803039551,4.442568778991699,0.4111437797546386,0.9448144435882568
0.0095548629760742,0.4603974819183349,4.435548543930054,0.4260647296905517,0.9534800052642822
0.0093200206756591,0.4706540107727051,4.205434560775757,0.4608790874481201,0.9512200355529784
0.0093450546264648,0.4814183712005615,4.260373592376709,0.4239201545715332,1.0550007820129397
0.0091419219970703,0.5430560111999512,4.207635402679443,0.4059784412384033,1.0162248611450195
0.0095512866973876,0.4987118244171142,4.166100978851318,0.4476346969604492,1.0001676082611084
0.009411334991455,0.4991273880004883,4.174952745437622,0.5618200302124023,1.0763299465179443
0.0096054077148437,0.4690878391265869,4.677907466888428,0.5183684825897217,1.206218719482422
0.0093247890472412,0.4635860919952392,4.587344169616699,0.5433368682861328,1.1283936500549316
0.0093796253204345,0.4542393684387207,3.688965559005737,0.6429710388183594,1.0147922039031982
0.0097649097442626,0.4619903564453125,3.776247024536133,0.7189679145812988,0.9592792987823486
0.0098912715911865,0.4494326114654541,4.356006622314453,0.6820762157440186,1.0839591026306152
0.0104553699493408,0.4709925651550293,3.956710815429688,0.6751372814178467,0.9551148414611816
0.00982666015625,0.4884932041168213,4.0687782764434814,0.6330034732818604,1.2027029991149902
0.0093359947204589,0.4751501083374023,4.338668823242188,0.5575847625732422,1.3427400588989258
0.0097451210021972,0.4950907230377197,4.325369119644165,0.5474021434783936,1.3262608051300049
0.0095264911651611,0.49853515625,4.131561279296875,0.4368948936462402,1.372199296951294
0.0095000267028808,0.4925792217254638,4.386590242385864,0.3993775844573974,1.486079216003418
0.0094654560089111,0.4595134258270263,3.972116708755493,0.4154024124145508,1.3857629299163818
0.0090839862823486,0.4626834392547607,4.45401930809021,0.4575569629669189,1.120436429977417
0.0094473361968994,0.4833409786224365,4.972266674041748,0.4348633289337158,1.091960906982422
0.0102968215942382,0.457977294921875,4.708144903182983,0.4563653469085693,1.017174482345581
0.0110440254211425,0.450265884399414,4.626682996749878,0.5140402317047119,1.0284192562103271
0.0101566314697265,0.4487297534942627,4.410398006439209,0.5472273826599121,0.9407601356506348
0.0094184875488281,0.4317445755004883,3.772038698196411,0.4999642372131347,0.966388702392578
0.0092957019805908,0.4348149299621582,4.392681360244751,0.4915170669555664,0.942157745361328
0.0095176696777343,0.4177908897399902,4.408926010131836,0.4646406173706054,0.8745911121368408
0.0096545219421386,0.4378285408020019,4.264829158782959,0.6202821731567383,0.8420484066009521
0.0091099739074707,0.4304265975952148,4.119297981262207,0.6598992347717285,0.9170093536376952
0.0095810890197753,0.4195458889007568,4.179042100906372,0.7078566551208496,1.0570659637451172
0.0092692375183105,0.4189956188201904,4.05278468132019,0.7193465232849121,1.2433407306671145
0.0093715190887451,0.429948091506958,3.5605876445770264,0.6233017444610596,1.3410823345184326
0.0092842578887939,0.4054367542266845,3.915522575378418,0.5838344097137451,1.6927728652954102
0.0096480846405029,0.4074494838714599,3.4827306270599365,0.6560845375061035,1.6874558925628662
0.0102317333221435,0.4221467971801758,3.522591590881348,0.5441007614135742,1.538304090499878
0.0098979473114013,0.4307198524475097,3.930112838745117,0.5292024612426758,1.2511911392211914
0.0097231864929199,0.4197957515716553,4.434682130813599,0.5334374904632568,1.062145471572876
0.0097641944885253,0.4140403270721435,4.1650378704071045,0.5383431911468506,1.4144961833953855
0.0094478130340576,0.410513162612915,4.120213508605957,0.528916597366333,1.1392791271209717
0.0094234943389892,0.402393102645874,4.095127582550049,0.6239850521087646,1.0205738544464111
0.0095264911651611,0.4261775016784668,3.580263137817383,0.4716086387634277,0.9431004524230956
0.0096321105957031,0.4240310192108154,3.382782459259033,0.4938740730285644,1.0033791065216064
0.0092980861663818,0.4490718841552734,3.2648746967315674,0.452294111251831,1.0089974403381348
0.0093441009521484,0.4094593524932861,3.496779203414917,0.4586081504821777,0.9072787761688232
0.009373664855957,0.4071338176727295,3.35230016708374,0.4567358493804931,0.8456964492797852
0.0097541809082031,0.4093563556671142,3.462416887283325,0.4870634078979492,0.9273791313171388
0.0101959705352783,0.4310715198516845,4.445527791976929,0.4791338443756103,1.237334966659546
0.0102181434631347,0.4493472576141357,4.593015670776367,0.5319380760192871,0.9131484031677246
0.0096857547760009,0.4884252548217773,4.387130260467529,0.5365934371948242,0.9540846347808838
0.009160041809082,0.5259430408477783,4.181375741958618,0.6104717254638672,0.9659781455993652
0.0095589160919189,0.4466421604156494,4.256765604019165,0.4837706089019775,0.9377777576446532
0.0103187561035156,0.4417741298675537,4.262157917022705,0.5248773097991943,1.0568270683288574
0.0112066268920898,0.4482901096343994,4.290757656097412,0.4490230083465576,0.9569547176361084
0.0097770690917968,0.4551622867584228,3.647909641265869,0.4537796974182129,1.0097973346710205
0.0096795558929443,0.4717097282409668,3.1124632358551025,0.3891975879669189,0.9759640693664552
0.0091743469238281,0.4220902919769287,3.846138000488281,0.4681723117828369,0.9670894145965576
0.0095040798187255,0.4392192363739013,4.278842687606812,0.4739990234375,0.9781763553619384
0.0101618766784667,0.4436526298522949,4.281311988830566,0.4491307735443115,1.0014095306396484
0.0112819671630859,0.4390811920166015,4.1894285678863525,0.4299204349517822,1.0741026401519775
0.0118300914764404,0.439765453338623,4.026323795318604,0.4059405326843261,1.108442306518555
0.0109846591949462,0.4502818584442138,3.780793428421021,0.4383525848388672,1.0385539531707764
0.01005220413208,0.4591014385223388,3.478732109069824,0.4358055591583252,1.0590786933898926
0.0091123580932617,0.4718465805053711,3.497510433197021,0.4110562801361084,0.9345531463623048
0.0096697807312011,0.4896819591522217,4.2787065505981445,0.3787083625793457,0.9663960933685304
0.0094175338745117,0.4602358341217041,3.848217725753784,0.403536319732666,0.9950509071350098
0.0092177391052246,0.4595282077789306,3.2746872901916504,0.4437575340270996,0.9534544944763184
0.0091886520385742,0.4680202007293701,4.161021947860718,0.4268801212310791,0.9918851852416992
0.0174894332885742,0.4985127449035644,4.048944473266602,0.4190163612365722,0.991220474243164
0.0250453948974609,0.4698097705841064,3.9859910011291504,0.4292130470275879,0.9448702335357666
0.0160198211669921,0.4725205898284912,4.178239583969116,0.4404079914093017,1.0380823612213137
0.0162243843078613,0.4895138740539551,3.3645756244659424,0.5216493606567383,1.0563907623291016
0.0138344764709472,0.5358362197875977,3.1853621006011963,0.4768433570861816,0.9911396503448486
0.015068769454956,0.5131795406341553,3.091261148452759,0.4876935482025146,1.0809190273284912
0.0119168758392333,0.4913454055786133,3.1644222736358643,0.5828146934509277,0.99521803855896
0.0116355419158935,0.4647600650787353,3.0991241931915283,0.4789519309997558,1.060770034790039
0.0116412639617919,0.4728174209594726,3.281543970108032,0.5471785068511963,1.053476095199585
0.0135047435760498,0.4977960586547851,3.1518521308898926,0.6323966979980469,1.0850412845611572
0.0147731304168701,0.5082359313964844,3.116633653640747,0.4824798107147217,1.0362005233764648
0.0138552188873291,0.529956579208374,3.101731538772583,0.5462050437927246,1.0009007453918457
0.0117475986480712,0.5311837196350098,3.0608510971069336,0.6812007427215576,1.0298724174499512
0.0113277435302734,0.4756031036376953,3.1030361652374268,0.6092803478240967,1.0279085636138916
0.0109822750091552,0.5019235610961914,3.103424072265625,0.6362290382385254,1.06933856010437
0.0105836391448974,0.4863219261169433,3.09734320640564,0.8354973793029785,0.9806342124938964
0.0107247829437255,0.5136234760284424,3.129392147064209,0.7677164077758789,0.9990854263305664
0.0104966163635253,0.5005655288696289,3.3062846660614014,0.6111369132995605,0.995089054107666
0.010059118270874,0.5018031597137451,3.1325485706329346,0.6551003456115723,1.0086593627929688
0.0120234489440917,0.5020310878753662,3.1151468753814697,0.6568422317504883,0.9950876235961914
0.0118365287780761,0.4957208633422851,3.692292451858521,0.6360430717468262,0.963075876235962
0.0110042095184326,0.4912967681884765,3.873501300811768,0.645653247833252,0.9422485828399658
0.0107626914978027,0.4668819904327392,3.786661386489868,0.6992650032043457,0.9851677417755128
0.0093846321105957,0.4470810890197754,4.078494310379028,0.6261742115020752,0.9552483558654784
0.0093865394592285,0.4647085666656494,3.7756197452545166,0.7023677825927734,0.938178539276123
0.009202241897583,0.4527115821838379,4.3174707889556885,0.6405878067016602,1.0745537281036377
0.009371280670166,0.4543261528015136,4.4184184074401855,0.6750702857971191,1.106276512145996
0.0092525482177734,0.4417874813079834,4.27383828163147,0.6354968547821045,1.1604809761047363
0.009322166442871,0.4523556232452392,4.161639213562012,0.6412291526794434,0.9518404006958008
0.0106177330017089,0.462839126586914,4.2052998542785645,0.6126527786254883,0.9392681121826172
0.0099050998687744,0.4775886535644531,4.3630781173706055,0.6638741493225098,0.8889641761779785
0.0095818042755126,0.4796931743621826,4.168594598770142,0.6563711166381836,1.013307809829712
0.0093541145324707,0.4995343685150146,4.087993144989014,0.6479413509368896,0.9641079902648926
0.0094003677368164,0.499657392501831,4.295470237731934,0.6155929565429688,1.206799030303955
0.0091524124145507,0.4991724491119385,4.136725187301636,0.6768019199371338,1.0650668144226074
0.0092008113861083,0.4972519874572754,3.6158738136291504,0.6843645572662354,0.9677107334136964
0.0091996192932128,0.4909331798553467,4.375982284545898,0.6538734436035156,0.9578440189361572
0.0097730159759521,0.4804029464721679,4.354519844055176,0.6411914825439453,1.0681586265563965
0.0100438594818115,0.4834089279174804,4.13653302192688,0.6142432689666748,1.029906988143921
0.0092425346374511,0.4912264347076416,4.3835530281066895,0.6597051620483398,1.0131793022155762
0.009519338607788,0.4556539058685303,4.228453397750855,0.6477820873260498,0.9041388034820556
0.0097990036010742,0.4634432792663574,4.139226913452148,0.7267754077911377,0.9199578762054444
0.0104176998138427,0.4716789722442627,4.672061204910278,0.6497573852539062,1.154369831085205
0.0095665454864501,0.4613642692565918,4.268120288848877,0.5976066589355469,0.9834804534912108
0.0096335411071777,0.4544539451599121,4.420987367630005,0.5963742733001709,1.2943108081817627
0.0093805789947509,0.4547274112701416,4.265239953994751,0.6259739398956299,1.1893033981323242
0.0093555450439453,0.4544720649719238,4.495795965194702,0.6107566356658936,0.954547643661499
0.0093340873718261,0.4827566146850586,4.236199617385864,0.6271629333496094,0.961251974105835
0.0093708038330078,0.4489874839782715,4.339731454849243,0.5920882225036621,1.002765655517578
0.0093436241149902,0.464735746383667,4.310334920883179,0.6034085750579834,1.028801202774048
0.0092854499816894,0.460456371307373,4.055829286575317,0.6454241275787354,0.9711565971374512
0.0094988346099853,0.4862301349639892,4.2381463050842285,0.6480145454406738,1.0436961650848389
0.0104384422302246,0.4725008010864258,3.664796829223633,0.6176590919494629,0.9415388107299804
0.0095875263214111,0.4747169017791748,3.726747751235962,0.6122803688049316,0.950486183166504
0.0096364021301269,0.4778053760528564,4.307500600814819,0.6010353565216064,1.0328187942504885
0.0095083713531494,0.5086054801940918,3.9136147499084473,0.6672704219818115,0.9969701766967772
0.0092239379882812,0.4940834045410156,3.1923651695251465,0.6551949977874756,0.9205527305603028
0.0094528198242187,0.4670331478118896,3.0950186252593994,0.6245212554931641,1.0880224704742432
0.0094950199127197,0.4965908527374267,3.0728254318237305,0.6399776935577393,1.0321393013000488
0.0094776153564453,0.4822032451629638,3.073812484741211,0.6202945709228516,1.0112178325653076
0.0092403888702392,0.4990773200988769,4.089372873306274,0.6463003158569336,0.925123929977417
0.0092649459838867,0.4966745376586914,4.26117753982544,0.733372688293457,1.03312087059021
0.0096023082733154,0.5403721332550049,4.135526180267334,0.6972362995147705,1.0539631843566897
0.010606050491333,0.4655234813690185,4.362288951873779,0.5468237400054932,1.0656614303588867
0.0094926357269287,0.4714512825012207,4.35680103302002,0.5703091621398926,1.0214684009552002
0.0098140239715576,0.4638581275939941,4.356146574020386,0.5767769813537598,1.0617995262145996
0.0092973709106445,0.4773092269897461,4.041976690292358,0.4857103824615478,1.0682108402252195
0.0092589855194091,0.4928772449493408,4.277095794677734,0.5755703449249268,1.1147220134735107
0.0092546939849853,0.5312938690185547,4.381875514984131,0.5369062423706055,1.0266056060791016
0.0095117092132568,0.4553086757659912,4.301634311676025,0.5046415328979492,1.0603485107421875
0.0093276500701904,0.4465351104736328,4.165550708770752,0.5332691669464111,1.058699607849121
0.0145769119262695,0.4421744346618652,4.130524635314941,0.5348172187805176,1.2513089179992676
0.0200364589691162,0.5034193992614746,4.565302848815918,0.5335433483123779,1.1759066581726074
0.0256738662719726,0.4432916641235351,4.291906356811523,0.5006966590881348,1.2497544288635254
0.0172274112701416,0.4423105716705322,4.089080572128296,0.4569716453552246,1.4191303253173828
0.0144219398498535,0.4194061756134033,4.351483106613159,0.5757255554199219,1.2101609706878662
0.0162248611450195,0.4829628467559814,3.649948120117188,0.5363306999206543,0.9811060428619384
0.0163474082946777,0.4560723304748535,3.677599430084229,0.4432322978973388,1.0165982246398926
0.0148108005523681,0.4694027900695801,3.5780510902404785,0.5033791065216064,1.077864408493042
0.0108609199523925,0.502063512802124,3.1391403675079346,0.4877238273620605,0.998033046722412
0.0104539394378662,0.4751336574554443,3.0895791053771973,0.5117120742797852,1.004184007644653
0.0104181766510009,0.5068197250366211,3.07800841331482,0.4606361389160156,1.160149097442627
0.0105640888214111,0.4645059108734131,3.07470965385437,0.5487620830535889,1.09395170211792
0.0117566585540771,0.4370019435882568,3.0750837326049805,0.5449297428131104,1.1217570304870603
0.0110011100769042,0.4287052154541015,3.0698060989379883,0.5150191783905029,1.162440299987793
0.0107123851776123,0.4615044593811035,3.110046625137329,0.4694056510925293,1.1182563304901123
0.0094265937805175,0.4734644889831543,3.282334089279175,0.4925343990325928,1.14935302734375
0.0094969272613525,0.4548788070678711,3.1242475509643555,0.420382022857666,1.139596462249756
0.0093414783477783,0.4298055171966553,3.078277349472046,0.489670991897583,1.003291130065918
0.0094664096832275,0.4793055057525635,3.101236581802368,0.5430829524993896,1.1175549030303955
0.0092430114746093,0.505903959274292,3.103832244873047,0.4967622756958008,1.0468645095825195
0.0096540451049804,0.4714994430541992,3.0721843242645264,0.4691174030303955,1.2014265060424805
0.0099854469299316,0.4508781433105469,3.0893375873565674,0.4554412364959717,1.0657286643981934
0.0100507736206054,0.3981156349182129,3.130262851715088,0.4966883659362793,1.034529209136963
0.0103693008422851,0.4105455875396728,3.100299835205078,0.4222109317779541,1.0855200290679932
0.0096492767333984,0.4441108703613281,3.058124542236328,0.4402952194213867,1.0688047409057615
0.0094187259674072,0.5177559852600098,3.14534068107605,0.4491157531738281,1.085275411605835
0.0095462799072265,0.422656774520874,3.370492935180664,0.4489667415618896,1.0620996952056885
0.0093336105346679,0.4124109745025635,4.171913623809815,0.5291917324066162,1.0393085479736328
0.009214162826538,0.4331107139587402,3.75285005569458,0.4876244068145752,0.9874348640441896
0.009469985961914,0.448404312133789,4.565200090408325,0.502474308013916,1.0288021564483645
0.0092444419860839,0.4423642158508301,3.980557203292847,0.4653894901275635,1.1465120315551758
0.0096385478973388,0.4439883232116699,3.5507850646972656,0.553386926651001,0.9294633865356444
0.0093269348144531,0.4526851177215576,3.6287899017333984,0.5447068214416504,0.9495158195495604
0.0097091197967529,0.4325840473175049,4.295768976211548,0.5676167011260986,1.0742793083190918
0.0102226734161376,0.4479968547821045,3.628463983535767,0.5508222579956055,1.122629165649414
0.0100011825561523,0.4588823318481445,3.090200424194336,0.5514769554138184,1.0716967582702637
0.0094239711761474,0.4303469657897949,3.0549042224884038,0.5775809288024902,0.9948410987854004
0.0094411373138427,0.4250757694244385,3.1102452278137207,0.4980499744415283,1.0332958698272705
0.0093550682067871,0.4457771778106689,3.110115766525269,0.5251402854919434,1.0090651512145996
0.0091793537139892,0.4496669769287109,3.165471076965332,0.5319645404815674,1.083500623703003
0.0091676712036132,0.4591357707977295,3.163481473922729,0.4995884895324707,1.0017940998077393
0.0093984603881835,0.4739670753479004,3.1025681495666504,0.4959661960601806,1.1820526123046875
0.0091781616210937,0.469074010848999,3.14033842086792,0.6071126461029053,1.3348338603973389
0.0091784000396728,0.5351772308349609,3.255099058151245,0.5915210247039795,1.2404520511627195
0.0094728469848632,0.4979629516601562,3.167923927307129,0.6078174114227295,0.9688842296600342
0.0102696418762207,0.4549689292907715,3.127650737762451,0.4801621437072754,0.9262487888336182
0.0101127624511718,0.4610741138458252,3.878793716430664,0.4971439838409424,0.9312520027160645
0.0092999935150146,0.4919264316558838,4.02029824256897,0.5063292980194092,0.9401564598083496
0.0093154907226562,0.4695813655853271,4.225667476654053,0.4637339115142822,1.019974708557129
0.0094139575958251,0.5005481243133545,4.070008277893066,0.4631457328796386,0.962005376815796
0.0094959735870361,0.457923412322998,4.036673784255981,0.4353373050689697,1.1188139915466309
0.009160041809082,0.4394724369049072,3.420981407165528,0.4803106784820556,1.1611988544464111
0.0094568729400634,0.451176643371582,3.6173582077026367,0.4771130084991455,1.170363426208496
0.0091700553894042,0.453740119934082,3.604357481002808,0.4744577407836914,1.0455193519592283
0.0094101428985595,0.476207971572876,3.7210075855255127,0.4838061332702636,0.9333064556121826
0.010308027267456,0.4512035846710205,4.132862567901611,0.4731316566467285,1.110426664352417
0.0110876560211181,0.4327411651611328,3.654200315475464,0.5234174728393555,1.01033616065979
0.0097830295562744,0.4209780693054199,3.901151657104492,0.6618239879608154,0.9968855381011964
0.0093588829040527,0.4247236251831054,3.3098254203796387,0.5592286586761475,0.9059150218963624
0.0093204975128173,0.4165802001953125,3.1395132541656494,0.5557847023010254,0.8894004821777344
0.0094435214996337,0.4454383850097656,3.2913386821746826,0.5825121402740479,1.050074338912964
0.0092945098876953,0.4427919387817383,3.6703298091888423,0.6240048408508301,0.994410514831543
0.0093286037445068,0.4652760028839111,3.3739001750946045,0.618044376373291,1.0215322971343994
0.0092597007751464,0.4451961517333984,3.4771945476531982,0.6559882164001465,1.0315227508544922
0.0095546245574951,0.4894387722015381,4.0815205574035645,0.6341509819030762,1.034170627593994
0.0094499588012695,0.484717845916748,3.946799755096436,0.7019205093383789,0.96258807182312
0.0098335742950439,0.4467465877532959,4.415512323379517,0.6640210151672363,0.9825224876403807
0.0109190940856933,0.4619379043579101,3.4278485774993896,0.6213929653167725,0.9842102527618408
0.0124316215515136,0.5270373821258545,3.635229587554932,0.611377477645874,0.9363057613372804
0.0158338546752929,0.4565865993499756,3.4645349979400635,0.6432859897613525,0.9620475769042968
0.0164322853088378,0.4546723365783691,3.2698428630828857,0.6480739116668701,0.9872488975524902
0.0163805484771728,0.5050404071807861,3.613553762435913,0.645125150680542,0.9580368995666504
0.0160713195800781,0.4514200687408447,4.378530025482178,0.6568143367767334,1.0228922367095947
0.0150678157806396,0.4797024726867676,4.33243465423584,0.6201114654541016,0.9567081928253174
0.0161235332489013,0.4526698589324951,4.15714955329895,0.6148242950439453,0.9115316867828368
0.0149195194244384,0.4913914203643799,3.643454790115357,0.6387066841125488,0.9483766555786132
0.0114850997924804,0.4621589183807373,3.545004844665528,0.6632246971130371,1.0471851825714111
0.0110220909118652,0.4861190319061279,3.5530829429626465,0.6857430934906006,0.9846227169036864
0.0094537734985351,0.4912927150726318,3.35578989982605,0.6423406600952148,0.9581937789916992
0.0101828575134277,0.4928579330444336,3.701388359069824,0.6239075660705566,0.989713191986084
0.0101644992828369,0.4894976615905761,3.637451410293579,0.6409177780151367,1.0240020751953125
0.0096261501312255,0.4860444068908691,3.588219404220581,0.6511199474334717,0.9279582500457764
0.0094025135040283,0.495265245437622,4.094568729400635,0.6405985355377197,0.952279567718506
0.0094728469848632,0.5144994258880615,3.774096965789795,0.6316838264465332,0.98095965385437
0.0094966888427734,0.4772689342498779,3.2304067611694336,0.6727805137634277,1.0759894847869873
0.0093371868133544,0.4992284774780273,3.816932439804077,0.6060781478881836,1.072317361831665
0.0117840766906738,0.465545654296875,3.3020753860473637,0.629563570022583,0.8967466354370117
0.0101368427276611,0.4329559803009033,3.661289930343628,0.7088930606842041,0.9850356578826904
0.0095608234405517,0.4360768795013428,3.586561918258667,0.6983940601348877,1.012420654296875
0.0094361305236816,0.4334716796875,3.3151156902313232,0.6541359424591064,0.9474942684173584
0.009235143661499,0.4306695461273193,3.1503851413726807,0.6591587066650391,1.0068373680114746
0.0092201232910156,0.4421384334564209,3.10817813873291,0.6313142776489258,1.0214550495147705
0.0092599391937255,0.4719133377075195,3.137980937957764,0.6283738613128662,0.9768264293670654
0.0091311931610107,0.4462978839874267,3.118576765060425,0.6381332874298096,1.1918883323669434
0.0094146728515625,0.4580347537994385,3.135957956314087,0.6134347915649414,0.9388635158538818
0.0097467899322509,0.5108375549316406,3.2854220867156982,0.7061436176300049,0.9885931015014648
0.0098373889923095,0.4848916530609131,3.095280885696411,0.6297147274017334,1.020118236541748
0.0096635818481445,0.4953463077545166,3.138842821121216,0.6174318790435791,0.9002294540405273
0.0101397037506103,0.4872441291809082,3.148735761642456,0.6369414329528809,0.9574344158172609
0.0101456642150878,0.4428954124450683,3.1329879760742188,0.6306226253509521,0.9259555339813232
0.0093302726745605,0.4778332710266113,3.1235079765319824,0.602609395980835,1.0330860614776611
0.0094466209411621,0.489938735961914,3.151303768157959,0.6740744113922119,0.9394032955169678
0.0092556476593017,0.5161464214324951,4.140655994415283,0.669480562210083,0.9086225032806396
0.0093178749084472,0.4594869613647461,3.986262321472168,0.6377484798431396,0.813976526260376
0.0091474056243896,0.4713551998138428,3.969006061553955,0.6461892127990723,0.9526493549346924
0.0095643997192382,0.430509090423584,3.5973246097564697,0.6263561248779297,1.0293984413146973
0.0093541145324707,0.4206817150115967,3.806455612182617,0.6561553478240967,1.0268933773040771
0.0094892978668212,0.4162218570709228,3.405192852020264,0.6996850967407227,1.0644419193267822
0.0092461109161376,0.4120662212371826,3.672067165374756,0.6577956676483154,0.906386137008667
0.0103819370269775,0.4062249660491943,3.112520456314087,0.611985445022583,0.9424073696136476
0.0097882747650146,0.4128954410552978,3.5639491081237797,0.6343505382537842,1.1281390190124512
0.0092730522155761,0.402867317199707,3.825273275375366,0.6510312557220459,0.9138832092285156
0.0092594623565673,0.404963731765747,3.6631956100463863,0.6003947257995605,0.8596847057342529
0.0096368789672851,0.4076874256134033,4.442461967468262,0.649177074432373,1.0469117164611816
0.0093801021575927,0.4004678726196289,3.952368021011353,0.6489996910095215,0.8604817390441895
0.0099005699157714,0.4264545440673828,3.864307641983032,0.6592342853546143,1.0082530975341797
0.0092966556549072,0.4280526638031006,3.6438450813293457,0.629159688949585,1.0230515003204346
0.0095570087432861,0.4195892810821533,3.3690507411956787,0.6145079135894775,0.9899773597717284
0.0090899467468261,0.4073691368103027,3.5405447483062744,0.5913941860198975,1.0757410526275637
0.0113110542297363,0.4087960720062256,3.924342393875122,0.6218781471252441,1.133542776107788
0.0109615325927734,0.4097366333007812,4.283836364746094,0.6140217781066895,1.0031287670135498
0.0094790458679199,0.4227094650268554,4.069028854370117,0.6188840866088867,0.9556617736816406
0.0093986988067626,0.4256455898284912,3.780946493148804,0.6364281177520752,1.0423192977905271
0.0092015266418457,0.4215688705444336,3.8761098384857178,0.665142297744751,1.1239428520202637
0.0095362663269042,0.414642333984375,3.812842845916748,0.688136100769043,1.1910531520843506
0.0092027187347412,0.4126341342926025,3.3936750888824463,0.6684269905090332,1.072136640548706
0.0094537734985351,0.4103071689605713,3.505330801010132,0.6872246265411377,0.9881296157836914
0.0093524456024169,0.431126594543457,3.4270684719085693,0.6176440715789795,1.0220959186553955
0.0092561244964599,0.4476592540740967,3.54046630859375,0.6467592716217041,0.9556326866149902
0.0094659328460693,0.4387199878692627,3.681103229522705,0.6946096420288086,1.0472187995910645
0.0101425647735595,0.429349422454834,3.831833124160767,0.6392743587493896,0.9626729488372804
0.0099446773529052,0.420314073562622,4.338487148284912,0.67124342918396,1.082125186920166
0.0100741386413574,0.4491779804229736,4.034742116928101,0.598515510559082,1.0158569812774658
0.0095691680908203,0.4192883968353271,4.228829622268677,0.6211674213409424,1.0198819637298584
0.0097177028656005,0.4625895023345947,4.2421715259552,0.6389994621276855,1.0973179340362549
0.0094830989837646,0.4583852291107178,3.9587419033050537,0.6288423538208008,1.0105128288269043
0.0094509124755859,0.4556069374084472,4.2284815311431885,0.6269485950469971,0.9378137588500975
0.0091910362243652,0.4533290863037109,3.813971757888794,0.617152214050293,0.9598901271820068
0.009749412536621,0.4428555965423584,4.059945344924927,0.699385404586792,0.99153470993042
0.0092473030090332,0.4269182682037353,4.08359694480896,0.9994595050811768,0.9871315956115724
0.0091080665588378,0.4295852184295654,4.235105514526367,1.16046142578125,0.9771170616149902
0.0095877647399902,0.4242165088653564,3.284156560897827,0.6026697158813477,1.0280756950378418
0.0106897354125976,0.4097898006439209,3.5758631229400635,0.4857063293457031,1.0501220226287842
0.0107960700988769,0.4367163181304931,3.2579731941223145,0.4798569679260254,0.9952936172485352
0.0099129676818847,0.4278900623321533,3.4278414249420166,0.5081596374511719,0.9567134380340576
0.0093874931335449,0.4239516258239746,3.869437694549561,0.4740142822265625,1.0930886268615725
0.0091896057128906,0.4204556941986084,4.543794631958008,0.4720439910888672,0.9665048122406006
0.0092914104461669,0.409404993057251,4.273597717285156,0.5588040351867676,1.0020720958709717
0.009509801864624,0.4107997417449951,4.253164052963257,0.4961628913879394,0.9781999588012696
0.0093228816986083,0.4247782230377197,4.221331596374512,0.4829869270324707,0.8923060894012451
0.0096237659454345,0.45528244972229,4.362077474594116,0.6020686626434326,0.9800312519073486
0.0092706680297851,0.4240570068359375,4.242245674133301,0.6204090118408203,0.9048514366149902
0.0109500885009765,0.4146502017974853,4.287612199783325,0.607175350189209,0.9012653827667236
0.0101809501647949,0.4095630645751953,3.872344255447388,0.5192904472351074,0.9711127281188964
0.0098681449890136,0.4119520187377929,3.1123604774475098,0.5832259654998779,0.9253242015838624
0.0096654891967773,0.425891637802124,3.087859869003296,0.6187379360198975,0.9529259204864502
0.0095973014831542,0.4224426746368408,3.130126714706421,0.6646823883056641,1.052823781967163
0.0093934535980224,0.4218297004699707,3.1130809783935547,0.6273014545440674,1.001549482345581
0.009429931640625,0.4124186038970947,3.2248308658599854,0.6328597068786621,0.9736135005950928
0.0092537403106689,0.4082157611846924,4.142674446105957,0.6288869380950928,0.8227641582489014
0.0094051361083984,0.408419132232666,4.139436483383179,0.6161360740661621,0.8562722206115723
0.0091791152954101,0.4322481155395508,4.25575065612793,0.6489479541778564,1.014744758605957
0.0092294216156005,0.4304423332214355,3.8599772453308105,0.6330554485321045,1.0544679164886477
0.0097601413726806,0.4186079502105713,4.328978776931763,0.6644608974456787,1.055959939956665
0.0101118087768554,0.419741153717041,4.1363489627838135,0.621208906173706,1.2271382808685305
0.0100562572479248,0.4139719009399414,4.366881608963013,0.6434099674224854,1.0068693161010742
0.0096783638000488,0.4085371494293213,3.589609146118164,0.6328771114349365,0.9936163425445556
0.009493350982666,0.4080047607421875,3.928066492080689,0.6309900283813477,0.9469528198242188
0.0093164443969726,0.4252722263336181,3.61477255821228,0.7504868507385254,0.9470667839050292
0.0091361999511718,0.4283244609832763,4.217905282974243,0.6528317928314209,1.0366876125335691
0.0092220306396484,0.4193153381347656,3.710101366043091,0.6333432197570801,1.1150479316711426
0.0092837810516357,0.420501708984375,3.77680778503418,0.6182255744934082,1.184971570968628
0.0093410015106201,0.4133303165435791,3.81943416595459,0.6667349338531494,1.053114414215088
0.0106961727142333,0.4024550914764404,3.910798788070679,0.6608221530914307,1.0757248401641846
0.0094823837280273,0.4628951549530029,3.6611599922180176,0.5535426139831543,1.0102057456970217
0.0096266269683837,0.4525887966156006,3.711728811264038,0.4847354888916015,1.122298240661621
0.0099060535430908,0.4213807582855224,3.5925986766815186,0.4981155395507812,1.0704433917999268
0.0100350379943847,0.4122169017791748,3.657560586929321,0.5130159854888916,0.9276533126831056
0.009641408920288,0.4116833209991455,3.1265177726745605,0.5176177024841309,0.8908467292785645
0.0095925331115722,0.4080188274383545,3.174889087677002,0.53670334815979,0.8405101299285889
0.009345531463623,0.4301784038543701,4.018861770629883,0.5363268852233887,0.8140473365783691
0.0092864036560058,0.4355430603027344,3.8791112899780273,0.5869460105895996,0.832413911819458
0.0096180438995361,0.4379518032073974,3.706141471862793,0.5086545944213867,0.9265627861022948
0.0094099044799804,0.4367289543151855,3.178013801574707,0.5575575828552246,0.9998130798339844
0.0091514587402343,0.4437944889068603,3.783750772476196,0.5934216976165771,0.9946365356445312
0.0094711780548095,0.4262211322784424,3.2334578037261963,0.5805191993713379,1.0227813720703125
0.0095808506011962,0.417874813079834,4.5481462478637695,0.5095360279083252,1.2058539390563965
0.0111279487609863,0.4419519901275635,4.078194618225098,0.4295554161071777,1.189666509628296
0.0102312564849853,0.4434027671813965,3.4488718509674072,0.5586256980895996,1.0730555057525637
0.009690523147583,0.4297122955322265,3.7032177448272714,0.503333568572998,1.082062005996704
0.0094401836395263,0.4291074275970459,3.501051902770996,0.6130199432373047,1.0727667808532717
0.0095548629760742,0.4261248111724853,3.8725194931030273,0.6011483669281006,1.0954182147979736
0.0091345310211181,0.4090816974639892,3.8251662254333496,0.5557131767272949,1.1884565353393557
0.0106093883514404,0.4076859951019287,3.3177077770233154,0.4994902610778808,1.0060584545135498
0.0099713802337646,0.4040603637695312,3.320146322250366,0.593940258026123,0.9692718982696532
0.0103054046630859,0.4053864479064941,3.164273738861084,0.6567869186401367,1.0602409839630127
0.0099298954010009,0.4003140926361084,3.0993447303771973,0.61405348777771,0.966210126876831
0.0095496177673339,0.4112133979797363,3.126455068588257,0.6290602684020996,1.3342266082763672
0.0110268592834472,0.3994579315185547,3.125267505645752,0.6315367221832275,0.9154043197631836
0.0104539394378662,0.3990116119384765,3.103423595428467,0.6549198627471924,0.941070795059204
0.0095810890197753,0.4389984607696533,3.1266567707061768,0.635045051574707,0.972686529159546
0.0093369483947753,0.4224684238433838,3.5332159996032715,0.6178457736968994,1.0443613529205322
0.0094258785247802,0.4167706966400146,3.3886537551879883,0.627025842666626,1.1395416259765625
0.0094637870788574,0.4128477573394775,3.38987135887146,0.6293261051177979,1.1591501235961914
0.0101804733276367,0.412799596786499,3.178802728652954,0.6935787200927734,1.000173807144165
0.0095307826995849,0.4180390834808349,3.7261812686920166,0.653822660446167,0.9906835556030272
0.0093762874603271,0.512230634689331,3.523974657058716,0.6527273654937744,0.9998600482940674
0.0096893310546875,0.5436503887176514,3.2165002822875977,0.6367387771606445,1.1790027618408203
0.0092275142669677,0.4522929191589355,3.1064469814300537,0.6291882991790771,1.2086937427520752
0.0105750560760498,0.477670669555664,3.1018500328063965,0.6291072368621826,1.100139856338501
0.0111196041107177,0.5282607078552246,3.891955852508545,0.6419057846069336,0.8699955940246582
0.0104658603668212,0.478917121887207,4.245018720626831,0.6222357749938965,0.9555602073669434
0.0094513893127441,0.5718848705291748,3.347562313079834,0.6744530200958252,0.879814624786377
0.0095596313476562,0.5402898788452148,3.103456497192383,0.6887924671173096,0.8570868968963623
0.0093293190002441,0.5300147533416748,3.0698137283325195,0.6100685596466064,0.8119897842407227
0.0095245838165283,0.4736149311065674,3.1113409996032715,0.4857442378997803,0.8206815719604492
0.0097115039825439,0.5493123531341553,3.159996271133423,0.5119104385375977,1.1697041988372805
0.0091516971588134,0.5462362766265869,3.2652575969696045,0.4869885444641113,1.1132469177246094
0.0094549655914306,0.4792172908782959,3.0923447608947754,0.4816298484802246,0.835902214050293
0.0096480846405029,0.4901838302612304,3.483060359954834,0.4842512607574463,0.9139130115509032
0.0102970600128173,0.6056287288665771,3.616030216217041,0.5223941802978516,0.9478907585144044
0.0104448795318603,0.5052571296691895,3.501845359802246,0.5003917217254639,1.010540246963501
0.0094029903411865,0.4559278488159179,3.265705347061157,0.4757983684539795,1.026644945144653
0.0096344947814941,0.5238187313079834,3.151985883712769,0.4653108119964599,0.9891853332519532
0.0095937252044677,0.4872374534606933,3.120156764984131,0.4825940132141113,1.0438461303710938
0.0098333358764648,0.4882662296295166,3.10071349143982,0.5323398113250732,1.061856746673584
0.0094642639160156,0.4447853565216064,3.255201816558838,0.5967941284179688,1.0960328578948977
0.0093600749969482,0.4444403648376465,3.128221273422241,0.6267290115356445,1.017730474472046
0.0093026161193847,0.528944730758667,3.114964246749878,0.5900022983551025,0.9784152507781982
0.009225845336914,0.4796826839447021,3.114409685134888,0.6229772567749023,1.0628411769866943
0.0096313953399658,0.5154211521148682,3.098832368850708,0.5949230194091797,1.082995891571045
0.009627342224121,0.5240025520324707,3.0839407444000244,0.5130858421325684,1.2399189472198486
0.0097508430480957,0.4821722507476806,3.083935022354126,0.5550901889801025,1.1265900135040283
0.0106472969055175,0.6150341033935547,3.0466320514678955,0.4668207168579101,0.9964687824249268
0.0097928047180175,0.5739386081695557,3.0760498046875,0.4555525779724121,1.052778244018555
0.0095055103302001,0.5176620483398438,3.1674726009368896,0.5045089721679688,0.9948792457580566
0.0093896389007568,0.4498786926269531,3.0628247261047363,0.5264403820037842,1.0623457431793213
0.0096628665924072,0.4211111068725586,3.1082913875579834,0.5460145473480225,1.0332539081573486
0.0093626976013183,0.4391851425170898,3.085725784301758,0.5137097835540771,1.2942428588867188
0.009282112121582,0.4530210494995117,3.058892250061035,0.4688761234283447,1.0920116901397705
0.0092663764953613,0.461780309677124,3.1050078868865967,0.4674470424652099,1.1993532180786133
0.0096197128295898,0.5598082542419434,3.1183903217315674,0.4647474288940429,1.1141493320465088
0.0099775791168212,0.5046389102935791,3.078375816345215,0.4846687316894531,1.3778104782104492
0.0106756687164306,0.5513083934783936,3.1101105213165283,0.4945516586303711,1.0148980617523191
0.0104031562805175,0.626896858215332,3.073436737060547,0.5117092132568359,0.9707555770874025
0.0095522403717041,0.5209019184112549,3.195977210998535,0.4693071842193603,1.172299861907959
0.009263277053833,0.4696798324584961,3.057822704315185,0.4619808197021484,0.9235515594482422
0.009336233139038,0.5113992691040039,3.1018154621124268,0.4922890663146972,0.902512788772583
0.0094304084777832,0.5383930206298828,3.0735654830932617,0.5357694625854492,0.9609403610229492
0.0091569423675537,0.480051040649414,3.076138734817505,0.5550220012664795,0.950507402420044
0.0093815326690673,0.519927978515625,3.1451425552368164,0.5406012535095215,1.048769474029541
0.0093111991882324,0.5468885898590088,3.0743632316589355,0.529343843460083,1.183333158493042
0.0093152523040771,0.5621459484100342,3.0636913776397705,0.5006973743438721,1.108304738998413
0.0097806453704833,0.649789571762085,3.0809032917022705,0.4888203144073486,1.352023363113403
0.0105857849121093,0.5851531028747559,3.05317497253418,0.4806129932403564,1.077162265777588
0.0096964836120605,0.5526721477508545,3.056362628936768,0.4647011756896972,1.1080436706542969
0.0094606876373291,0.5598032474517822,3.07779312133789,0.5408360958099365,1.0116899013519287
0.0092790126800537,0.535067081451416,3.078083276748657,0.5015244483947754,1.034057855606079
0.009246826171875,0.4960319995880127,3.17175817489624,0.4718770980834961,0.9393537044525146
0.0092222690582275,0.56536865234375,3.099088430404663,0.4854977130889892,0.9143996238708496
0.0093352794647216,0.5144636631011963,3.119642734527588,0.5238773822784424,0.9151997566223145
0.0096373558044433,0.5237619876861572,3.071192979812622,0.5713284015655518,1.014162540435791
0.0096044540405273,0.548914909362793,3.062937021255493,0.5377264022827148,1.096618890762329
0.0094196796417236,0.4977326393127441,3.08951735496521,0.5274207592010498,0.9824354648590088
0.0095915794372558,0.533663272857666,3.105397224426269,0.5687434673309326,1.009294509887695
0.0097384452819824,0.5106785297393799,3.103169679641724,0.5930988788604736,1.095733404159546
0.0101797580718994,0.5942912101745605,3.046998977661133,0.557103157043457,1.0189247131347656
0.0102300643920898,0.5161216259002686,3.0865132808685303,0.448049783706665,1.1052238941192627
0.0097177028656005,0.5058207511901855,3.07890248298645,0.4738209247589111,1.0931212902069092
0.0096116065979003,0.4869248867034912,3.122345209121704,0.5314772129058838,0.9478936195373536
0.0093662738800048,0.5188388824462891,3.1003007888793945,0.5361635684967041,1.294532299041748
0.0094435214996337,0.5502927303314209,3.100383996963501,0.5256457328796387,1.063670635223389
0.009352684020996,0.501018762588501,3.092463970184326,0.5196921825408936,1.1592717170715332
0.0095355510711669,0.4872593879699707,3.1596310138702397,0.5326673984527588,1.066612958908081
0.0095558166503906,0.5284328460693359,3.120274066925049,0.4924449920654297,1.01387357711792
0.0094327926635742,0.5484189987182617,3.1042044162750244,0.4349877834320068,0.9739599227905272
0.0097832679748535,0.4952433109283447,3.095506191253662,0.5322990417480469,1.1554372310638428
0.0096330642700195,0.5447895526885986,3.1536707878112797,0.5258133411407471,0.924607753753662
0.01047945022583,0.5511715412139893,3.1026673316955566,0.49831223487854,0.917609453201294
0.0095369815826416,0.6288115978240967,3.1399590969085693,0.4405698776245117,1.0351040363311768
0.0092387199401855,0.6173231601715088,3.079532623291016,0.5038056373596191,1.022615671157837
0.0094361305236816,0.617973804473877,3.073330402374268,0.5066266059875488,1.1520652770996094
0.0092217922210693,0.5881948471069336,3.1001105308532715,0.5590274333953857,1.118821144104004
0.0096640586853027,0.5465166568756104,3.075801134109497,0.5548746585845947,1.0796377658843994
0.0090856552124023,0.5435330867767334,3.165194272994995,0.485572338104248,0.9925572872161864
0.0097026824951171,0.6026899814605713,3.1492578983306885,0.5288262367248535,1.0618188381195068
0.0096595287322998,0.5611591339111328,3.1148340702056885,0.5842409133911133,0.9847145080566406
0.0100789070129394,0.5280728340148926,3.1138012409210205,0.5160775184631348,0.997206211090088
0.0102763175964355,0.5388689041137695,3.078770875930786,0.4702143669128418,0.9282619953155518
0.0101072788238525,0.5417811870574951,3.112221002578736,0.4017314910888672,0.9997196197509766
0.0097377300262451,0.5159299373626709,3.094639301300049,0.5074357986450195,1.049687147140503
0.0094134807586669,0.5413951873779297,3.108484506607056,0.5882811546325684,0.9762835502624512
0.0091109275817871,0.5152993202209473,3.0891246795654297,0.5802829265594482,0.9456939697265624
0.0100855827331542,0.5614080429077148,3.158685207366944,0.5226907730102539,0.9871861934661864
0.0094685554504394,0.553168535232544,3.0733330249786377,0.5188784599304199,0.9903392791748048
0.0092971324920654,0.4975292682647705,3.083925485610962,0.4576969146728515,0.92907452583313
0.0095205307006835,0.5097975730895996,3.0933077335357666,0.5108792781829834,0.9076836109161376
0.009639024734497,0.4662954807281494,3.1126081943511963,0.5248701572418213,1.0562303066253662
0.010514497756958,0.558302640914917,3.147118091583252,0.593137264251709,0.988489866256714
0.0107371807098388,0.5429830551147461,3.074136257171631,0.6667349338531494,0.9404277801513672
0.0094494819641113,0.6169440746307373,3.095061779022217,0.5573866367340088,0.954646110534668
0.0092201232910156,0.4801061153411865,3.0848546028137207,0.5512490272521973,1.133157730102539
0.0095138549804687,0.519597053527832,3.088146448135376,0.5215063095092773,1.0307469367980957
0.0093657970428466,0.5250194072723389,3.110185146331787,0.4834647178649902,0.9104387760162354
0.0091698169708251,0.4626421928405761,3.0981268882751465,0.4760549068450928,0.8319733142852783
0.009692907333374,0.4798860549926758,3.081084728240967,0.4824328422546386,1.0358130931854248
0.0094218254089355,0.4393272399902344,3.0927064418792725,0.4902293682098388,1.1030168533325195
0.0093424320220947,0.4748191833496094,3.08727765083313,0.4889616966247558,1.1763381958007812
0.0106010437011718,0.4751543998718261,3.093693971633911,0.6656370162963867,1.0814330577850342
0.0095376968383789,0.4623072147369385,3.087388038635254,0.5932636260986328,1.1265711784362793
0.0100281238555908,0.4890644550323486,3.1268482208251958,0.6229314804077148,1.0221004486083984
0.0117769241333007,0.5167837142944336,3.080441236495972,0.5669255256652832,1.0264403820037842
0.0118312835693359,0.5104010105133057,3.088074922561645,0.5416035652160645,0.9675912857055664
0.0118052959442138,0.517350435256958,3.167357921600342,0.4829938411712646,1.187654972076416
0.0107579231262207,0.4875421524047851,3.0683577060699463,0.4683437347412109,1.080711841583252
0.0093743801116943,0.4975247383117676,3.115967273712158,0.444570779800415,0.9913904666900636
0.009322166442871,0.5002870559692383,3.141712188720703,0.480168342590332,0.987013578414917
0.0092189311981201,0.5040335655212402,3.128194570541382,0.4711277484893799,1.1055619716644287
0.0092372894287109,0.6371524333953857,3.105471134185791,0.499173641204834,1.093921422958374
0.0096907615661621,0.4889411926269531,3.092385053634644,0.5751938819885254,1.042430400848389
0.0108742713928222,0.4631452560424804,3.081470012664795,0.5393714904785156,0.994060516357422
0.0099616050720214,0.4571876525878906,3.0927014350891118,0.5446324348449707,0.9264638423919678
0.0102350711822509,0.5030815601348877,3.122562885284424,0.5297679901123047,1.046336650848389
0.0097246170043945,0.4523036479949951,3.06542444229126,0.551379919052124,0.9057023525238036
0.0096673965454101,0.4397561550140381,3.113288164138794,0.5400359630584717,0.937969446182251
0.0093278884887695,0.4397933483123779,3.1038460731506348,0.4792921543121338,1.018108367919922
0.0092060565948486,0.4309523105621338,3.159179925918579,0.5015559196472168,1.0037424564361572
0.0104095935821533,0.4508240222930908,3.0893447399139404,0.48433518409729,1.221252202987671
0.0097827911376953,0.5135681629180908,3.1188533306121826,0.5376830101013184,0.998737335205078
0.0094492435455322,0.4349503517150879,3.137196779251098,0.4863567352294922,0.967393398284912
0.0096271038055419,0.4516842365264892,3.0831706523895264,0.4742588996887207,0.9096872806549072
0.0095071792602539,0.4595279693603515,3.094815731048584,0.5127484798431396,1.0168042182922363
0.0098953247070312,0.4857234954833984,3.17803955078125,0.4696612358093261,1.0907261371612549
0.0096542835235595,0.5084247589111328,3.138862133026123,0.4640471935272217,1.0049386024475098
0.0110564231872558,0.5455198287963867,3.1182401180267334,0.4701399803161621,0.8679709434509277
0.0096540451049804,0.5165770053863525,3.1258327960968018,0.4817044734954834,0.940542697906494
0.0093011856079101,0.5009722709655762,3.095021247863769,0.4955694675445556,0.9888911247253418
0.0093705654144287,0.4741230010986328,3.144296407699585,0.5330278873443604,1.0536527633666992
0.0095386505126953,0.4955670833587646,3.0832552909851074,0.5421550273895264,1.063356637954712
0.0094022750854492,0.4679148197174072,3.121445655822754,0.5300860404968262,1.0294771194458008
0.0095965862274169,0.4989974498748779,3.090500593185425,0.5448944568634033,1.0708279609680176
0.0092084407806396,0.4700360298156738,3.1377241611480717,0.5643100738525391,1.098100662231445
0.0096077919006347,0.4586029052734375,3.117208480834961,0.5190877914428711,1.122171401977539
0.0098049640655517,0.4549593925476074,3.076608896255493,0.5380430221557617,1.2359764575958252
0.0109989643096923,0.4505562782287597,3.106430530548096,0.5433862209320068,1.264246940612793
0.0099589824676513,0.4708931446075439,3.076377868652344,0.5801577568054199,1.3171894550323486
0.0093550682067871,0.4984388351440429,3.0948522090911865,0.5987284183502197,1.247647047042847
0.0093324184417724,0.4804537296295166,3.120190382003784,0.6514580249786377,1.1786701679229736
0.0093953609466552,0.5247197151184082,3.178084135055542,0.6718118190765381,1.2205593585968018
0.0091073513031005,0.5020363330841064,3.0984818935394287,0.627164363861084,1.183229923248291
0.0092575550079345,0.4751276969909668,3.123861074447632,0.6264042854309082,1.265207290649414
0.0093655586242675,0.4727916717529297,3.116626977920532,0.6506226062774658,1.1845574378967283
0.0093727111816406,0.4984071254730224,3.1013028621673584,0.6253862380981445,1.5837912559509275
0.0094547271728515,0.4694950580596924,3.0771284103393555,0.6246092319488525,1.2854933738708496
0.0099506378173828,0.4637651443481445,3.117497444152832,0.6199092864990234,1.2041807174682615
0.0103323459625244,0.501915693283081,3.111483335494995,0.6171283721923828,0.9358625411987304
0.0098395347595214,0.4913156032562256,3.125288724899292,0.5654420852661133,0.9426162242889404
0.0093836784362792,0.5084354877471924,3.0939552783966064,0.5727527141571045,0.924546480178833
0.0092175006866455,0.4980859756469726,3.106618642807007,0.6427431106567383,1.0674340724945068
0.0093662738800048,0.481774091720581,3.09821891784668,0.531996488571167,1.0097336769104004
0.0093388557434082,0.5483407974243164,3.1011950969696045,0.5651957988739014,0.9446558952331544
0.0094640254974365,0.5271615982055664,3.113090753555298,0.5328233242034912,1.0507588386535645
0.0091900825500488,0.4818038940429687,3.17133903503418,0.4699738025665283,1.1035702228546145
0.0091879367828369,0.4671733379364013,3.1347458362579346,0.4178872108459472,1.0211052894592283
0.0091304779052734,0.4495313167572021,3.161304712295532,0.4835205078125,1.0448174476623535
0.0098505020141601,0.4487974643707275,3.116016149520874,0.4905970096588135,1.2210447788238523
0.0098562240600585,0.4980194568634033,3.0895822048187256,0.4039227962493896,1.254289627075195
0.0107073783874511,0.4992227554321289,3.074194431304932,0.5510070323944092,1.0696077346801758
0.0095443725585937,0.4768877029418945,3.0991809368133545,0.6037781238555908,0.91082501411438
0.0093932151794433,0.5218076705932617,3.1160056591033936,0.4419105052947998,0.856743335723877
0.0094940662384033,0.4770803451538086,3.090437173843384,0.5030369758605957,0.8368930816650391
0.0091893672943115,0.4844787120819092,3.3162643909454346,0.5249173641204834,0.7765064239501953
0.0094001293182373,0.4528586864471435,3.109072208404541,0.4923117160797119,0.8118932247161865
0.0092675685882568,0.4494049549102783,3.107694625854492,0.5247373580932617,1.031996488571167
0.0094678401947021,0.4433596134185791,3.132983922958374,0.4750196933746338,0.8531427383422852
0.0091660022735595,0.5016419887542725,3.12326979637146,0.4187841415405273,0.9505126476287842
0.0095505714416503,0.4626309871673584,3.0876269340515137,0.4371399879455566,0.8546361923217773
0.0104901790618896,0.4420211315155029,3.0895795822143555,0.4261581897735595,0.8631916046142578
0.0105228424072265,0.4387922286987304,3.0991718769073486,0.4743199348449707,0.8751282691955566
0.0098583698272705,0.4502854347229004,3.154906749725342,0.3943910598754883,1.1398334503173828
0.0094273090362548,0.4396619796752929,3.116475343704224,0.4173197746276855,0.9714679718017578
0.0096395015716552,0.4740614891052246,3.068912506103516,0.3815875053405761,1.0124647617340088
0.0095448493957519,0.4971990585327148,3.1402266025543213,0.4292452335357666,0.9855556488037108
0.0093193054199218,0.52744460105896,3.1296708583831787,0.4996762275695801,1.0296084880828855
0.0097033977508544,0.4711511135101318,3.083689451217652,0.4766058921813965,1.036400556564331
0.0093386173248291,0.501875638961792,3.0885396003723145,0.5000035762786865,1.0732173919677734
0.0096795558929443,0.5237898826599121,3.1188204288482666,0.4089818000793457,0.9767076969146729
0.0099782943725585,0.5328249931335449,3.0874297618865967,0.3796098232269287,0.976797580718994
0.0105209350585937,0.490079402923584,3.125685930252075,0.3974993228912353,0.9182000160217284
0.0099787712097167,0.5530383586883545,3.1281235218048096,0.407623291015625,0.9981932640075684
0.0098657608032226,0.4663965702056885,3.146692276000977,0.4006037712097168,1.061624526977539
0.0096566677093505,0.4709718227386474,3.086085081100464,0.4075484275817871,1.07952880859375
0.0096223354339599,0.4701418876647949,3.054845333099365,0.3928227424621582,0.978801727294922
0.0093426704406738,0.4309942722320556,3.1208863258361816,0.4003396034240722,1.1905815601348877
0.0092115402221679,0.5489985942840576,3.101567268371582,0.3949103355407715,1.1597068309783936
0.0095739364624023,0.4313576221466064,3.063722848892212,0.4006962776184082,1.2260231971740725
0.0094761848449707,0.4319295883178711,3.071083068847656,0.3882079124450683,1.1378295421600342
0.0092992782592773,0.4335405826568603,3.0829286575317383,0.4067556858062744,1.1625425815582275
0.0097649097442626,0.4405632019042969,3.083662986755371,0.3827989101409912,0.9967660903930664
0.0099945068359375,0.4442040920257568,3.096813917160034,0.3768148422241211,0.9564647674560548
0.0100750923156738,0.5379767417907715,3.138741970062256,0.3916356563568115,0.9902632236480712
0.0098681449890136,0.507124662399292,3.132145643234253,0.3779637813568115,0.9931211471557616
0.0099520683288574,0.5536706447601318,3.1301560401916504,0.4899079799652099,1.0684115886688232
0.0094428062438964,0.4805722236633301,3.088216543197632,0.4899723529815674,0.9363739490509032
0.0096173286437988,0.489520788192749,3.0996761322021484,0.4230978488922119,0.9207305908203124
0.0098757743835449,0.5549163818359375,3.111856460571289,0.3788197040557861,1.0848610401153564
0.0095582008361816,0.4905183315277099,3.0889296531677246,0.3947045803070068,1.290053367614746
0.0096039772033691,0.4657158851623535,3.1471188068389893,0.4202389717102051,1.0844542980194092
0.0093598365783691,0.5568876266479492,3.069398641586304,0.5749266147613525,1.0377213954925537
0.0110583305358886,0.4887490272521972,3.194812297821045,0.5685341358184814,1.2075300216674805
0.0105037689208984,0.5679872035980225,3.241220712661743,0.3807041645050049,0.9793870449066162
0.0100200176239013,0.5294547080993652,3.1044764518737797,0.3878991603851318,1.128171443939209
0.0096049308776855,0.5876595973968506,3.107928514480591,0.3783597946166992,1.1874206066131592
0.0094301700592041,0.5844247341156006,3.070753812789917,0.3970482349395752,1.1435694694519043
0.009462833404541,0.5373070240020752,3.113342523574829,0.3874874114990234,1.230513334274292
0.0093774795532226,0.5599484443664551,3.1040735244750977,0.3772082328796386,1.149451732635498
0.0096175670623779,0.4820418357849121,3.0587925910949707,0.395259141921997,1.2140367031097412
0.0094542503356933,0.5919840335845947,3.12063217163086,0.3899545669555664,1.427767992019653
0.0099391937255859,0.638005256652832,3.0855960845947266,0.3906812667846679,1.488968849182129
0.0093693733215332,0.5925981998443604,3.161292314529419,0.4071676731109619,1.2515208721160889
0.0099852085113525,0.5497002601623535,3.1078104972839355,0.5165896415710449,1.2135021686553955
0.0100040435791015,0.6272022724151611,3.11096739768982,0.4750077724456787,1.0350890159606934
0.0113353729248046,0.5185589790344238,3.1351113319396973,0.3747007846832275,0.990384578704834
0.0096759796142578,0.5444552898406982,3.1020867824554443,0.4053318500518799,1.2595767974853516
0.009418249130249,0.490929365158081,3.097482681274414,0.3914549350738525,1.1336627006530762
0.0093352794647216,0.5342748165130615,3.0864100456237797,0.4524445533752441,0.955402135848999
0.009350299835205,0.5017476081848145,3.0844221115112305,0.4657537937164306,0.995042085647583
0.0093812942504882,0.5107479095458984,3.0847063064575195,0.5072166919708252,1.0128657817840576
0.0094783306121826,0.5192124843597412,3.0910537242889404,0.372955322265625,1.235722541809082
0.009249210357666,0.5355808734893799,3.11029314994812,0.538388729095459,1.3819911479949951
0.0097925662994384,0.5532760620117188,3.061849355697632,0.4085617065429687,1.0775489807128906
0.010350227355957,0.6628861427307129,3.0803234577178955,0.4793958663940429,1.0574443340301514
0.0107865333557128,0.4689080715179443,3.100621223449707,0.4772908687591553,1.2472803592681885
0.0104057788848876,0.4729933738708496,3.1747705936431885,0.4241244792938232,1.12941575050354
0.0096426010131835,0.5554518699645996,3.1271207332611084,0.4173610210418701,1.1799674034118652
0.0108842849731445,0.5715689659118652,3.0874595642089844,0.4101660251617431,1.111454725265503
0.009718894958496,0.5030629634857178,3.118781089782715,0.3834760189056396,1.151590347290039
0.0095505714416503,0.5294668674468994,3.112483501434326,0.4712882041931152,1.2147815227508545
0.0094227790832519,0.6374309062957764,3.186561584472656,0.6256616115570068,1.3035545349121094
0.0094051361083984,0.5141210556030273,3.0751304626464844,0.4381031990051269,1.3188962936401367
0.0093212127685546,0.5435268878936768,3.0934994220733643,0.4419522285461426,1.2562615871429443
0.0093357563018798,0.5294761657714844,3.120018243789673,0.4383759498596191,1.258984088897705
0.0094413757324218,0.5114011764526367,3.0914435386657715,0.4248359203338623,1.2528128623962402
0.0094883441925048,0.5041904449462891,3.119173288345337,0.4245204925537109,1.3797311782836914
0.0100266933441162,0.5063154697418213,3.0955488681793213,0.4068660736083984,1.1422216892242432
0.0100963115692138,0.5471484661102295,3.202857494354248,0.3842618465423584,0.916905641555786
0.0101921558380126,0.5246505737304688,3.171502113342285,0.3893594741821289,1.103191375732422
0.0099503993988037,0.5230319499969482,3.1519148349761963,0.4071393013000488,1.6357421875
0.009307861328125,0.5057499408721924,3.0971720218658447,0.5562725067138672,1.42608380317688
0.0095157623291015,0.5645744800567627,3.055017471313477,0.5440311431884766,1.2675721645355225
0.0094976425170898,0.50935959815979,3.088059663772583,0.5465843677520752,1.1368885040283203
0.0104641914367675,0.5280513763427734,3.098895072937012,0.4938187599182129,1.051271915435791
0.0094954967498779,0.5440185070037842,3.117180824279785,0.5538899898529053,1.1204276084899902
0.0095658302307128,0.4936323165893554,3.1182777881622314,0.5001592636108398,1.0034065246582031
0.0091693401336669,0.5097448825836182,3.0737080574035645,0.5165934562683105,1.0729267597198486
0.0103847980499267,0.5568532943725586,3.091979742050171,0.4974210262298584,1.1041688919067385
0.0105459690093994,0.4770452976226806,3.106611728668213,0.4705197811126709,1.0783162117004397
0.0094101428985595,0.479543924331665,3.119539976119995,0.5219361782073975,1.1299901008605957
0.0094940662384033,0.5724637508392334,3.079247236251831,0.4471933841705322,1.4158310890197754
0.0094821453094482,0.5348052978515625,3.1130406856536865,0.4001181125640869,1.347160577774048
0.0091376304626464,0.5069653987884521,3.331899404525757,0.3825979232788086,1.1112792491912842
0.0093004703521728,0.5312650203704834,3.137510299682617,0.5181632041931152,1.1313061714172363
0.0091681480407714,0.5293025970458984,3.081291437149048,0.4947507381439209,1.068467617034912
0.0094969272613525,0.5776839256286621,3.118997812271118,0.4206047058105469,1.1085128784179688
0.0091285705566406,0.5313184261322021,3.057563066482544,0.4020383358001709,1.1602704524993896
0.0094354152679443,0.5042867660522461,3.1016411781311035,0.3931827545166015,1.137404203414917
0.0098106861114501,0.5462586879730225,3.0951719284057617,0.3859128952026367,1.0501675605773926
0.0098710060119628,0.5595366954803467,3.151538848876953,0.3936960697174072,1.0914108753204346
0.0108177661895751,0.5044398307800293,3.080247163772583,0.4076113700866699,1.0646305084228516
0.0101754665374755,0.4979822635650635,3.1337032318115234,0.411780834197998,1.3122880458831787
0.0096690654754638,0.507338285446167,3.104623794555664,0.3997776508331299,1.4482569694519043
0.0091755390167236,0.5672988891601562,3.1216444969177246,0.3996603488922119,1.363090991973877
0.0094006061553955,0.500251293182373,3.135640382766724,0.4032793045043945,1.3488142490386963
0.009509801864624,0.5005803108215332,3.087503433227539,0.4006466865539551,1.6668260097503662
0.009448766708374,0.5546493530273438,3.090362310409546,0.4133365154266357,1.1817021369934082
0.0093436241149902,0.5204732418060303,3.0793519020080566,0.3981931209564209,1.2241389751434326
0.0093996524810791,0.4997799396514892,3.076153516769409,0.3983728885650635,1.1468589305877686
0.0100526809692382,0.5035011768341064,3.11941146850586,0.4646916389465332,1.10611891746521
0.010930061340332,0.4943134784698486,3.0710790157318115,0.4497184753417969,1.106546401977539
0.0100080966949462,0.5692415237426758,3.099738836288452,0.4483230113983154,1.168639898300171
0.0095305442810058,0.5058941841125488,3.1464099884033203,0.451251745223999,1.1672401428222656
0.0095174312591552,0.5188801288604736,3.105598926544189,0.4534869194030761,1.1396565437316897
0.0091900825500488,0.5441663265228271,3.108551502227783,0.4587712287902832,1.1858718395233154
0.0092098712921142,0.526604175567627,3.098090648651123,0.428849458694458,1.2054603099822998
0.0096473693847656,0.5101521015167236,3.073439598083496,0.4114325046539306,1.2582144737243652
0.0090842247009277,0.5555791854858398,3.0808115005493164,0.4138455390930176,1.1756951808929443
0.0092732906341552,0.4995095729827881,3.142244815826416,0.4002716541290283,1.1465532779693604
0.0092191696166992,0.5265021324157715,3.0949065685272217,0.3986132144927978,1.1660747528076172
0.0092668533325195,0.5490868091583252,3.405120849609375,0.3846359252929687,1.096383810043335
0.0096609592437744,0.513749361038208,3.196366548538208,0.4818522930145263,1.1206414699554443
0.0110902786254882,0.5691537857055664,3.397234439849853,0.5836474895477295,1.1586246490478516
0.0104143619537353,0.5582332611083984,3.965070962905884,0.5042693614959717,1.1451327800750732
0.0094635486602783,0.5219557285308838,4.010260820388794,0.5252745151519775,1.256442308425903
0.0093257427215576,0.5617208480834961,4.028571844100952,0.4675643444061279,1.2386047840118408
0.0091760158538818,0.5385169982910156,4.370162010192871,0.4757523536682129,1.0818190574645996
0.0093486309051513,0.5385041236877441,4.621458530426025,0.4588010311126709,1.001065969467163
0.0094504356384277,0.537867546081543,4.95268177986145,0.4385533332824707,1.0095727443695068
0.009324312210083,0.4962849617004394,4.556776523590088,0.417072057723999,1.138413667678833
0.0094115734100341,0.5331227779388428,4.549255132675171,0.413384199142456,0.9725501537322998
0.0093564987182617,0.5571737289428711,4.600279808044434,0.4235200881958008,0.9797482490539552
0.0094916820526123,0.5354247093200684,4.811777114868164,0.4318711757659912,0.9177653789520264
0.0110759735107421,0.4869835376739502,4.6135218143463135,0.396090030670166,1.0291156768798828
0.0099263191223144,0.5042610168457031,4.196729421615601,0.398906946182251,1.0713810920715332
0.009779930114746,0.5094287395477295,4.302505493164063,0.3845088481903076,0.9325282573699952
0.0094821453094482,0.4989626407623291,4.047478199005127,0.3897604942321777,1.0525789260864258
0.0096147060394287,0.509559154510498,4.326773166656494,0.3718655109405517,0.9739105701446532
0.0091710090637207,0.5276741981506348,4.370249509811401,0.3860564231872558,1.0873050689697266
0.009667158126831,0.5876584053039551,4.2453813552856445,0.444796085357666,0.9787485599517822
0.0095937252044677,0.5148274898529053,4.297556400299072,0.5115542411804199,0.999387264251709
0.0093011856079101,0.5148415565490723,3.9633302688598633,0.463310956954956,1.3966670036315918
0.009429931640625,0.563861608505249,4.338035583496094,0.4403626918792724,1.1959598064422607
0.0106511116027832,0.4816129207611084,4.4297614097595215,0.4506187438964844,1.0656468868255615
0.0103600025177001,0.5109133720397949,4.227798461914063,0.4260523319244385,1.0894505977630615
0.00948166847229,0.5322139263153076,4.182269334793091,0.4121825695037842,1.02647066116333
0.0092673301696777,0.5689280033111572,4.218703508377075,0.4042651653289795,1.1023755073547363
0.0093965530395507,0.5045390129089355,4.211916923522949,0.4225771427154541,1.0260910987854004
0.0093269348144531,0.527611255645752,4.0918731689453125,0.4281268119812011,1.139744758605957
0.0092473030090332,0.5531432628631592,4.3766257762908936,0.4038901329040527,1.0753421783447266
0.0094332695007324,0.5581598281860352,4.312976121902466,0.3878939151763916,1.0354557037353516
0.0094854831695556,0.5249295234680176,4.29642391204834,0.3861012458801269,1.0715363025665283
0.0092673301696777,0.5599684715270996,4.250732421875,0.3786654472351074,0.9489238262176514
0.0093476772308349,0.5112998485565186,4.095255374908447,0.4103541374206543,1.1025781631469729
0.0098483562469482,0.548438310623169,4.29720664024353,0.3698837757110595,1.0736615657806396
0.0102858543395996,0.4657213687896728,4.373460054397583,0.4278850555419922,1.048855543136597
0.0099329948425292,0.4745235443115234,4.919417858123779,0.4085397720336914,1.070199489593506
0.009598970413208,0.4684350490570068,5.021402359008789,0.384556770324707,1.0119760036468506
0.0096306800842285,0.5524599552154541,4.080976963043213,0.3828606605529785,1.0564134120941162
0.0093159675598144,0.5180177688598633,4.504684925079346,0.3657090663909912,1.0684022903442385
0.0093913078308105,0.5258011817932129,4.315971612930298,0.3715670108795166,0.996286392211914
0.0094075202941894,0.476534366607666,4.340977668762207,0.3721153736114502,1.0050218105316162
0.0092573165893554,0.5291829109191895,4.347667217254639,0.3751916885375976,1.0450217723846436
0.0093610286712646,0.5182063579559326,4.593040943145752,0.3797729015350342,1.0359885692596436
0.0106964111328125,0.5201916694641113,4.873393535614014,0.3769688606262207,0.9550528526306152
0.00931978225708,0.5550582408905029,6.857728719711304,0.377443790435791,0.8838539123535156
0.0095319747924804,0.5732457637786865,4.665535926818848,0.3694608211517334,0.8408644199371338
0.0123395919799804,0.506455659866333,4.501936912536621,0.3691725730895996,0.8197288513183594
0.0115590095520019,0.5287127494812012,3.95323657989502,0.3701024055480957,0.7870850563049316
0.0097777843475341,0.5135693550109863,4.287968635559082,0.377760648727417,0.921783447265625
